"Portfolio_ID","PortfolioScanName","FileSize","FileName","ItemType","InfoText","Maps","Author","Comments","Dates","Year","Company","Initials","EntryDate"
"P01","P01_001",2953,"P01_001.pdf","map","Vertical Longitudinal Section of the Bunker Hill & Sulivan Mines as index for portfolio.",,,,"Sep. 11, 1967",1967,"Bunker Hill & Sullivan","cat","2015-09-24 00:00:00"
"P01","P01_002",1197,"P01_002.pdf","map","Area No. 1.",,,,"Oct., 1967",1967,,"cat","2015-09-24 00:00:00"
"P01","P01_003",1175,"P01_003.pdf","map","Area No.2.",,,,"Oct., 1967",1967,,"cat","2015-09-24 00:00:00"
"P01","P01_004",1126,"P01_004.pdf","map","Area No. 3.",,,,,,,"cat","2015-09-24 00:00:00"
"P01","P01_005",985,"P01_005.pdf","map","Area No. 4.",,,,"Nov., 1967",1967,,"cat","2015-09-24 00:00:00"
"P01","P01_006",972,"P01_006.pdf","map","Area No. 5.",,,,"Oct., 1967",1967,,"cat","2015-09-24 00:00:00"
"P01","P01_007",1090,"P01_007.pdf","map","Area No. 6.",,,,"Oct., 1967",1967,,"cat","2015-09-24 00:00:00"
"P01","P01_008",1591,"P01_008.pdf","map","Area No. 2 White Raise No. 1 shaft Kellogg Tunnel.",,,,"1959-1962",1959,,"cat","2015-09-24 00:00:00"
"P01","P01_009",1662,"P01_009.pdf","map","Area No. 3, No.1 shaft White raise, Mac Vein.",,,,"1959-1962",1959,,"cat","2015-09-24 00:00:00"
"P01","P01_010",1638,"P01_010.pdf","map","Area No. 4 May raise, 23 Service raise, Emory-Truman-Ike 21-27.",,,,"1959-1962",1952,,"cat","2015-09-24 00:00:00"
"P01","P01_011",1339,"P01_011.pdf","map","Area No. 5 May raise Emory-Truman-Shea:  23-19",,,,"1959-1962",1959,,"cat","2015-09-24 00:00:00"
"P01","P01_012",1920,"P01_012.pdf","map","Area No. 6 Barney Vent Raise & #3 shaft from surface to B.H. 19-Also Shea, Roger, and Orr.",,,,"1959-1962",1959,,"cat","2015-09-24 00:00:00"
"P01","P01_013",3064,"P01_013.pdf","map","Map of Vertical Longitudinal Section and fan performance.",,,,"1955-1958",1955,"Bunker Hill & Sullivan Mines","cat","2015-09-24 00:00:00"
"P01","P01_014",1125,"P01_014.pdf","map","Area No. 1 Guy Caving and Main Mine intake.",,,,"1955-1958",1955,,"cat","2015-09-24 00:00:00"
"P01","P01_015",1424,"P01_015.pdf","map","Area No. 2 White raise No.1 Shaft and tunnel.",,,,"1955-1958",1955,,"cat","2015-09-24 00:00:00"
"P01","P01_016",1314,"P01_016.pdf","map","Area No. 3, No. 1 Shaft White Raise & Mac Vein from B.H. 17 to B.H. 27.",,,,"1955-1958",1955,,"cat","2015-09-24 00:00:00"
"P01","P01_017",1886,"P01_017.pdf","map","Area No. 4 May Raise Emery & Truman veins from B.H. 21 to B.H. 25.",,,,"1955-1957",1955,,"cat","2015-09-24 00:00:00"
"P01","P01_018",1773,"P01_018.pdf","map","Area No. 4 May Raise, Gordon ServiceRaise, Emory & Truman-Ike from 21-27.",,,,"1958",1958,,"cat","2015-09-24 00:00:00"
"P01","P01_019",3501,"P01_019.pdf","map","Area No. 5, May Raise, Emery & Truman veins from B.H. 19 to B.H. 21.",,,,"1955-1958",1955,,"cat","2015-09-24 00:00:00"
"P01","P01_020",1633,"P01_020.pdf","map","Area No. 6, Barney vent raise and No.3 shaft from surface to B.H. 19. Also Shea & Roger.",,,,"1955-1958",1955,,"cat","2015-09-24 00:00:00"
"P01","P01_021",2021,"P01_021.pdf","map","Vertical projections of areas.",,,,"1953-1954",1953,,"cat","2015-09-24 00:00:00"
"P01","P01_022",1195,"P01_022.pdf","map","Area No. 1, Guy Caving and Main Mine intake.",,,,"1953-1954",1953,,"cat","2015-09-24 00:00:00"
"P01","P01_023",1311,"P01_023.pdf","map","Area No.2 White Raise No. 1 Shaft Kellogg Tunnel.",,,,"1953-1954",1953,,"cat","2015-09-24 00:00:00"
"P01","P01_024",1528,"P01_024.pdf","map","Area No. 3, No.1 Shaft, White Raise and Mac Vein from B.H. 17 to B.H. 27.",,,,"1953-1954",1953,,"cat","2015-09-24 00:00:00"
"P01","P01_025",2489,"P01_025.pdf","map","Area No. 4, May Raise, Emery & Truman, veins from B.H. 21 to B.H. 25.",,,,"1953-1954",1953,,"cat","2015-09-24 00:00:00"
"P01","P01_026",2513,"P01_026.pdf","map","Area No. 5, May Raise, Emery & Truman, veins from B.H. 19 to B.H. 21.",,,,"1953-1954",1953,,"cat","2015-09-24 00:00:00"
"P01","P01_027",1973,"P01_027.pdf","map","Vertical projections with areas notated.",,,,"1952-1953",1952,,"cat","2015-09-24 00:00:00"
"P01","P01_028",1199,"P01_028.pdf","map","Area No. 6, Barney Vent Raise and No. 3 Shaft from the surface to B.H. 19.",,,,"1953-1954",1953,,"cat","2015-09-24 00:00:00"
"P01","P01_029",2243,"P01_029.pdf","map","Area No. 6, Barney Vent Raise and No. 3 Shaft from surface to B.H. 19. Includes Shea.",,,,"1954",1954,,"cat","2015-09-24 00:00:00"
"P01","P01_030",1910,"P01_030.pdf","map","Area No.1, Guy Caving and Main Mine intake.",,,,"1952-1953",1952,,"cat","2015-09-24 00:00:00"
"P01","P01_031",1519,"P01_031.pdf","map","Area No. 2, White Raise No. 1 Shaft Kellogg tunnel.",,,,"1952-1953",1952,,"cat","2015-09-24 00:00:00"
"P01","P01_032",2519,"P01_032.pdf","map","Area No. 3, #1 Shaft, white Raise and Mac Vein from B.H. 17 to B.H. #17.",,,,"1952-1953",1952,,"cat","2015-09-24 00:00:00"
"P01","P01_033",1665,"P01_033.pdf","map","Area No. 4, May Raise and 25 Raise (Emery & Truman Veins) from 21 to 25.",,,,"1952-1953",1952,,"cat","2015-09-24 00:00:00"
"P01","P01_034",1690,"P01_034.pdf","map","Area No. 5, May Raise with the Emery and Truman Veins from B.H. 19 to B.H. 21.",,,,"1952-1953",1952,,"cat","2015-09-24 00:00:00"
"P01","P01_035",1653,"P01_035.pdf","map","Area No. 6 Barney Vent Raise and No. 3 Shaft from the surface to B.H. 19.",,,,"1952-1953",1952,,"cat","2015-09-24 00:00:00"
"P01","P01_036",2945,"P01_036.pdf","map","Vertical projection looking up #1 shaft ventilation map.",,,,"1949-1950",1949,,"cat","2015-09-24 00:00:00"
"P01","P01_037",1213,"P01_037.pdf","map","Area No. 9, Guy Caving and Main Mine intake.",,,,"1949",1949,,"cat","2015-09-24 00:00:00"
"P01","P01_038",2070,"P01_038.pdf","map","Area No. 10, Van to White Raise #1 level.",,,,"1949",1949,,"cat","2015-09-24 00:00:00"
"P01","P01_039",2073,"P01_039.pdf","map","Area No. 11, White Raise and No. 1 shaft.",,,,"1949",1949,,"cat","2015-09-24 00:00:00"
"P01","P01_040",1851,"P01_040.pdf","map","Area No. 12, 23 Codd crosscut to 19 May.",,,,"1950",1950,,"cat","2015-09-24 00:00:00"
"P01","P01_041",1911,"P01_041.pdf","map","Area No. 13.",,,,"1949",1949,,"cat","2015-09-24 00:00:00"
"P01","P01_042",2106,"P01_042.pdf","map","Area No. 14, Ebel Country, Gilbert to No. 2 shaft.",,,,"1950",1950,,"cat","2015-09-24 00:00:00"
"P01","P01_043",2241,"P01_043.pdf","map","Area No. 15, B.H. 9 and 10 from White Raise to Tyler.",,,,"1950",1950,,"cat","2015-09-24 00:00:00"
"P01","P01_044",375,"P01_044.pdf","report","Stope floor designations.",,,,"1984",1984,,"cat","2015-09-24 00:00:00"
"P02","P02_001",3864,"P02_001.pdf","map","Star grid for locations of cross-sections and numbering of mine workings.",,,,,,,"cat","2015-09-24 00:00:00"
"P02","P02_002",4629,"P02_002.pdf","map","Surface and Cunningham Tunnel.",,,,,,,"cat","2015-09-24 00:00:00"
"P02","P02_003",3486,"P02_003.pdf","map","Iron Crown and Mary ""R"" Tunnels.",,,,,,,"cat","2015-09-24 00:00:00"
"P02","P02_004",1724,"P02_004.pdf","map","700 Level Grouse Tunnel.",,,,,,,"cat","2015-09-24 00:00:00"
"P02","P02_005",5296,"P02_005.pdf","map","Morning No.3 Tunnel.",,,,,,,"cat","2015-09-24 00:00:00"
"P02","P02_006",2457,"P02_006.pdf","map","Star 850 Level.",,,,,,,"cat","2015-09-24 00:00:00"
"P02","P02_007",1644,"P02_007.pdf","map","Grouse Inter. Level.",,,,,,,"cat","2015-09-24 00:00:00"
"P02","P02_008",6651,"P02_008.pdf","map","Star 1000 Level.",,,,,,,"cat","2015-09-24 00:00:00"
"P02","P02_009",1617,"P02_009.pdf","map","Star 1100 Level.",,,,,,,"cat","2015-09-24 00:00:00"
"P02","P02_010",2955,"P02_010.pdf","map","Star 1200 Level.",,,,,,,"cat","2015-09-24 00:00:00"
"P02","P02_011",3877,"P02_011.pdf","map","Star 1450 Level Morning No.4-1/2 Inter.",,,,,,,"cat","2015-09-24 00:00:00"
"P02","P02_012",4661,"P02_012.pdf","map","Star 1700 Level.",,,,,,,"cat","2015-09-24 00:00:00"
"P02","P02_013",3316,"P02_013.pdf","map","Morning 200 Level; Star 1900 Level.",,,,,,,"cat","2015-09-24 00:00:00"
"P02","P02_014",1987,"P02_014.pdf","map","Star 2000 Level.",,,,,,,"cat","2015-09-24 00:00:00"
"P02","P02_015",1410,"P02_015.pdf","map","Morning Mine 2000 Level.",,,,,,,"cat","2015-09-24 00:00:00"
"P02","P02_016",2498,"P02_016.pdf","map","Star 2100 Level.",,,,,,,"cat","2015-09-24 00:00:00"
"P02","P02_017a",3320,"P02_017a.pdf","map","Morning 600 Level-Star 2300 Level",,,,,,,"cat","2015-09-24 00:00:00"
"P02","P02_017b",2862,"P02_017b.pdf","map","Morning 600 Level-Star 2300 Level",,,,,,,"cat","2015-09-24 00:00:00"
"P02","P02_018",1629,"P02_018.pdf","map","Star 2500 Level.",,,,,,,"cat","2015-09-24 00:00:00"
"P02","P02_019",,"P02_019.pdf","map","Star 2500 Level.",,,,,,,"cat","2015-09-24 00:00:00"
"P02","P02_020",1820,"P02_020.pdf","map","Morning Mine 2500 Level.",,,,,,,"cat","2015-09-24 00:00:00"
"P02","P02_021",1600,"P02_021.pdf","map","Star 2700 Level West.",,,,,,,"cat","2015-09-24 00:00:00"
"P02","P02_022",1993,"P02_022.pdf","map","Morning 1050 Level; Star 2700 Level.",,,,,,,"cat","2015-09-24 00:00:00"
"P02","P02_023",,"P02_023.pdf","map","Morning Mine 2700 Level.",,,,,,,"cat","2015-09-24 00:00:00"
"P02","P02_024",1800,"P02_024.pdf","map","Star 2900 Level.",,,,,,,"cat","2015-09-24 00:00:00"
"P02","P02_025",1789,"P02_025.pdf","map","Morning Mine 2900 Level.",,,,,,,"cat","2015-09-24 00:00:00"
"P02","P02_026",3303,"P02_026.pdf","map","Star 3100 Level.",,,,,,,"cat","2015-09-24 00:00:00"
"P02","P02_027",2056,"P02_027.pdf","map","Morning Mine 2700 Level.",,,,,,,"cat","2015-09-24 00:00:00"
"P02","P02_028",3585,"P02_028.pdf","map","Star 3300 Level.",,,,,,,"cat","2015-09-24 00:00:00"
"P02","P02_029",1619,"P02_029.pdf","map","Morning Mine 3300 Level.",,,,,,,"cat","2015-09-24 00:00:00"
"P02","P02_030",4297,"P02_030.pdf","map","Star 3500 Level.",,,,,,,"cat","2015-09-24 00:00:00"
"P02","P02_031",1864,"P02_031.pdf","map","Morning Mine 3500 Level.",,,,,,,"cat","2015-09-24 00:00:00"
"P02","P02_032",2513,"P02_032.pdf","map","Star 3700 Level.",,,,,,,"cat","2015-09-24 00:00:00"
"P02","P02_033",1864,"P02_033.pdf","map","Morning Mine 3700 Level.",,,,,,,"cat","2015-09-24 00:00:00"
"P02","P02_034",1326,"P02_034.pdf","map","Star 4000 Level West.",,,,,,,"cat","2015-09-24 00:00:00"
"P02","P02_035",2569,"P02_035.pdf","map","Star 4000 Level.",,,,,,,"cat","2015-09-24 00:00:00"
"P02","P02_036",2136,"P02_036.pdf","map","Morning Mine 4000 Level.",,,,,,,"cat","2015-09-24 00:00:00"
"P02","P02_037",2818,"P02_037.pdf","map","Star 4150 Level.",,,,,,,"cat","2015-09-24 00:00:00"
"P02","P02_038",1603,"P02_038.pdf","map","Morning Mine 4150 Level.",,,,,,,"cat","2015-09-24 00:00:00"
"P02","P02_039",5494,"P02_039.pdf","map","Star 4300 Level.",,,,,,,"cat","2015-09-24 00:00:00"
"P02","P02_040",2890,"P02_040.pdf","map","Star 4500 Level.",,,,,,,"cat","2015-09-24 00:00:00"
"P02","P02_041",1644,"P02_041.pdf","map","Morning Mine 4500 Level.",,,,,,,"cat","2015-09-24 00:00:00"
"P02","P02_042",1644,"P02_042.pdf","map","Star 4700 Level.",,,,,,,"cat","2015-09-24 00:00:00"
"P02","P02_043",2395,"P02_043.pdf","map","Star 4900 Level.",,,,,,,"cat","2015-09-24 00:00:00"
"P02","P02_044",1534,"P02_044.pdf","map","Morning Mine 4900 Level.",,,,,,,"cat","2015-09-24 00:00:00"
"P02","P02_045",2557,"P02_045.pdf","map","Star 5100 Level.",,,,,,,"cat","2015-09-24 00:00:00"
"P02","P02_046",4126,"P02_046.pdf","map","Star 5300 Level.",,,,,,,"cat","2015-09-24 00:00:00"
"P02","P02_047",2211,"P02_047.pdf","map","Star 5500 Level.",,,,,,,"cat","2015-09-24 00:00:00"
"P02","P02_048",1765,"P02_048.pdf",,"Morning Mine 5300 Level.",,,,,,,"cat","2015-09-24 00:00:00"
"P02","P02_049",1633,"P02_049.pdf","map","Star 5500 Level.",,,,,,,"cat","2015-09-24 00:00:00"
"P02","P02_050",2445,"P02_050.pdf","map","Star 5700 Level.",,,,,,,"cat","2015-09-24 00:00:00"
"P02","P02_051",2113,"P02_051.pdf","map","Star 5900 Level.",,,,,,,"cat","2015-09-24 00:00:00"
"P02","P02_052",2372,"P02_052.pdf","map","Star 6100 Level.",,,,,,,"cat","2015-09-24 00:00:00"
"P02","P02_053",2165,"P02_053.pdf","map","Star-Morning Unit 6100 Level.",,,,,,,"cat","2015-09-24 00:00:00"
"P02","P02_054",2962,"P02_054.pdf","map","Star 6300 Level.",,,,,,,"cat","2015-09-24 00:00:00"
"P02","P02_055",2458,"P02_055.pdf","map","Star-Morning Unit 6300 Level.",,,,,,,"cat","2015-09-24 00:00:00"
"P02","P02_056",1380,"P02_056.pdf","map","Star-Morning Unit 6300 Level.",,,,,,,"cat","2015-09-24 00:00:00"
"P02","P02_057",1739,"P02_057.pdf","map","Star 6500 Level.",,,,,,,"cat","2015-09-24 00:00:00"
"P02","P02_058",1886,"P02_058.pdf","map","Star-Morning Unit 6500 Level.",,,,,,,"cat","2015-09-24 00:00:00"
"P02","P02_059",1881,"P02_059.pdf","map","Star 6700 Level.",,,,,,,"cat","2015-09-24 00:00:00"
"P02","P02_060",1978,"P02_060.pdf","map","Star 6900 Level.",,,,,,,"cat","2015-09-24 00:00:00"
"P02","P02_061",3070,"P02_061.pdf","map","Star 7100 Level.",,,,,,,"cat","2015-09-24 00:00:00"
"P02","P02_062",1989,"P02_062.pdf","map","Star 7300 Level.",,,,,,,"cat","2015-09-24 00:00:00"
"P03","P03_000",3219,"P03_000.pdf","portfolio","Portfolio title page.",,"R.P. Full",,"Aug., 1974",1974,"Callahan Mining","cat","2015-09-24 00:00:00"
"P03","P03_001",4285,"P03_001.pdf","map","Property map of the west end of the Silver Belt area.",,"R.P. Full",,"Aug., 1974",1974,,"cat","2015-09-24 00:00:00"
"P03","P03_002",9067,"P03_002.pdf","map","Surface Geology of the West End of the Silver Belt Area.",,"R.P. Full",,"Aug., 1974",1974,,"cat","2015-09-24 00:00:00"
"P03","P03_003",3624,"P03_003.pdf","map","Composite Level Map of the Coeur-Galena-Caladay area.",,"R.P. Full",,"Jun., 1986",1986,,"cat","2015-09-24 00:00:00"
"P03","P03_004",3364,"P03_004.pdf","map","Geologic Plan at Tunnel Levels of the Coeur-Galena-Caladay area.",,"R.P. Full",,"Aug., 1974",1974,,"cat","2015-09-24 00:00:00"
"P03","P03_005",3149,"P03_005.pdf","map","Geologic Plan at the Coeur 3100 and Galena 3000 Levels.",,"R.P. Full",,"Aug., 1974",1974,,"cat","2015-09-24 00:00:00"
"P03","P03_006",3175,"P03_006.pdf","map","Geologic Plan at the Coeur 3400 and Galena 3700 Levels.",,"R.F. Full",,"Aug., 1974",1974,,"cat","2015-09-24 00:00:00"
"P03","P03_007",2972,"P03_007.pdf","map","Geologic Plan at the Galena 4300 Level.",,"R.P. Full",,"Aug., 1974",1974,,"cat","2015-09-24 00:00:00"
"P03","P03_008",2823,"P03_008.pdf","map","Geologic Plan at the Galena 4600 Level.",,"R.P. Full",,"Aug., 1974",1974,,"cat","2015-09-24 00:00:00"
"P03","P03_009",2977,"P03_009.pdf","map","Geologic Plan at the Galena 4900 Level.",,"R.P. Full",,"Jun., 1986",1986,,"cat","2015-09-24 00:00:00"
"P04","P04_000",1956,"P04_000.pdf","portfolio","Portfolio cover page.",,"R.P. Full",,"May, 1960",1960,"Rainbow Milling and Mining","cat","2015-09-24 00:00:00"
"P04","P04_001",3615,"P04_001.pdf","map","Composite level map, Coeur d'Alene Mines-Rainbow Area.",,"R.P. Full",,"May, 1960",1960,,"cat","2015-09-24 00:00:00"
"P04","P04_002",2588,"P04_002.pdf","map","Silver Summit 3000 Level, Rainbow Area.",,"R.B. Full",,"May, 1960",1960,,"cat","2015-09-24 00:00:00"
"P04","P04_003",4455,"P04_003.pdf","map","Coeur d'Alene Mines Rainbow-Galena area.",,"R.P. Full",,"May, 1960",1960,,"cat","2015-09-24 00:00:00"
"P05","P05_000",2158,"P05_000.pdf","Portfolio Title Page","Portfolio of Geologic Study Coeur d'Alene Mines Area.",,"R.P. Full",,"May, 1960",1960,"Coeur d'Alene Mines","cat","2015-09-24 00:00:00"
"P05","P05_001",3923,"P05_001.pdf","map","Composite level map Coeur d'Alene Mines-Rainbow Area.",,,,"May, 1960",1960,"Coeur 'Alene Mines","cat","2015-09-24 00:00:00"
"P05","P05_002",2692,"P05_002.pdf","map","Geologic map, Coeur d'Alene mines, 2800 Level.",,,,"May, 1960",1960,"Coeur d'Alene Mining","cat","2015-09-24 00:00:00"
"P05","P05_003",2590,"P05_003.pdf","map","Geologic map, Silver Summit, 3000 level.",,,,"May, 1960",1960,"Coeur d'Alene Mining","cat","2015-09-24 00:00:00"
"P06","P06_001",4231,"P06_001.pdf","map","Metsker's Atlas of Shoshone County.",,"C.F. Metsker","","Dec., 1939",1939,"","JH","2015-08-10 00:00:00"
"P06","P06_002",2908,"P06_002.pdf","map","Metsker's Atlas index.",,"C.F. Metsker","","Dec., 1939",1939,"","JH","2015-08-10 00:00:00"
"P06","P06_003",1749,"P06_003.pdf","map","Metsker's Atlas list of ownership of mine claims.",,"C.F. Metsker","","Dec., 1939",1939,"","JH","2015-08-10 00:00:00"
"P06","P06_004",1320,"P06_004.pdf","map","Metsker's Atlas Township 42 N., Range 1 E.B.M.",,"C.F. Metsker","","Dec., 1939",1939,"","JH","2015-08-10 00:00:00"
"P06","P06_005",1308,"P06_005.pdf","map","Metsker's Atlas Township 43 N., Range 1 E.B.M.",,"C.F. Metsker","","Dec., 1939",1939,"","JH","2015-08-10 00:00:00"
"P06","P06_006",1262,"P06_006.pdf","map","Metsker's Atlas Township 44 N., Range 1 E.B.M.",,"C.F. Metsker","","Dec., 1939",1939,"","JH","2015-08-10 00:00:00"
"P06","P06_007",1222,"P06_007.pdf","map","Metsker's Atlas Township 45 N., Range 1 E.B.M.",,"C.F. Metsker","","Dec., 1939",1939,"","JH","2015-08-10 00:00:00"
"P06","P06_008",1196,"P06_008.pdf","map","Metsker's Atlas Township 46 N., Range 1 E.B.M.",,"C.F. Metsker","","Dec., 1939",1939,"","JH","2015-08-10 00:00:00"
"P06","P06_009",1198,"P06_009.pdf","map","Metsker's Atlas Township 47 N., Range 1 E.B.M.",,"C.F. Metsker","","Dec., 1939",1939,"","JH","2015-08-10 00:00:00"
"P06","P06_010",1338,"P06_010.pdf","map","Metsker's Atlas Township 48 N., Range 1 E.B.M.",,"C.F. Metsker","","Dec., 1939",1939,"","JH","2015-08-10 00:00:00"
"P06","P06_011",1490,"P06_011.pdf","map","Metsker's Atlas Township 49 N., Range 1 E.B.M.",,"C.F. Metsker","","Dec., 1939",1939,"","JH","2015-08-10 00:00:00"
"P06","P06_012",1226,"P06_012.pdf","map","Metsker's Atlas Township 50 N., Range 1 E.B.M.",,"C.F. Metsker","","Dec., 1939",1939,"","JH","2015-08-11 00:00:00"
"P06","P06_013",1247,"P06_013.pdf","map","Metsker's Atlas Township 51 N., Range 1 E.B.M.",,"C.F. Metsker","","Dec., 1939",1939,"","JH","2015-08-11 00:00:00"
"P06","P06_014",1142,"P06_014.pdf","map","Metsker's Atlas Township 52 N., Range 1 E.B.M.",,"C.F. Metsker","","Dec., 1939",1939,"","JH","2015-08-11 00:00:00"
"P06","P06_015",1189,"P06_015.pdf","map","Metsker's Atlas Township 53 N., Range 1 E.B.M.",,"C.F. Metsker","","Dec., 1939",1939,"","JH","2015-08-11 00:00:00"
"P06","P06_016",1263,"P06_016.pdf","map","Metsker's Atlas Township 42 N., Range 2 E.B.M.",,"C.F. Metsker","","Dec., 1939",1939,"","JH","2015-08-11 00:00:00"
"P06","P06_017",1114,"P06_017.pdf","map","Metsker's Atlas Township 43 N., Range 2 E.B.M.",,"C.F. Metsker","Closest property associated with map, nothing actually in map","Dec., 1939",1939,"","JH","2015-08-11 00:00:00"
"P06","P06_018",1201,"P06_018.pdf","map","Metsker's Atlas Township 44 N., Range 2 E.B.M.",,"C.F. Metsker","closest property associated with map, nothing actually falls in this area","Dec., 1939",1939,"","JH","2015-08-11 00:00:00"
"P06","P06_019",1371,"P06_019.pdf","map","Metsker's Atlas Township 45 N., Range 2 E.B.M.",,"C.F. Metsker","","Dec., 1939",1939,"","JH","2015-08-11 00:00:00"
"P06","P06_020",1270,"P06_020.pdf","map","Metsker's Atlas Township 46 N., Range 2 E.B.M.",,"C.F. Metsker","","Dec., 1939",1939,"","JH","2015-08-11 00:00:00"
"P06","P06_021",1454,"P06_021.pdf","map","Metsker's Atlas Township",,"C.F. Metsker","","Dec., 1939",1939,"","JH","2015-08-11 00:00:00"
"P06","P06_022",2501,"P06_022.pdf","map","Metsker's Atlas Township 48 N., Range 2 E.B.M.",,"C.F. Metsker","","Dec., 1939",1939,"","JH","2015-08-11 00:00:00"
"P06","P06_023",1448,"P06_023.pdf","map","Metsker's Atlas Township 49 N., Range 2 E.B.M.",,"C.F. Metsker","","Dec., 1939",1939,"","JH","2015-08-11 00:00:00"
"P06","P06_024",1259,"P06_024.pdf","map","Metsker's Atlas Township 50 N., Range 2 E.B.M.",,"C.F. Metsker","","Dec., 1939",1939,"","JH","2015-08-11 00:00:00"
"P06","P06_025",1097,"P06_025.pdf","map","Metsker's Atlas Township 51 N., range 2 E.B.M.",,"C.F. Metsker","","Dec., 1939",1939,"","JH","2015-08-11 00:00:00"
"P06","P06_026",1117,"P06_026.pdf","map","Metsker's Atlas Township 52 N., Range 2 E.B.M.",,"C.F. Metsker","","Dec., 1939",1939,"","JH","2015-08-11 00:00:00"
"P06","P06_027",1132,"P06_027.pdf","map","Metsker's Atlas Township 53 N., Range 2 E.B.M.",,"C.F. Metsker","SP0026 closest property nothing inside actual map","Dec., 1939",1939,"","JH","2015-08-11 00:00:00"
"P06","P06_028",1233,"P06_028.pdf","map","Metsker's Atlas Township 54 N., Range 2 E.B.M.",,"C.F. Metsker","SA0304 closest property","Dec., 1939",1939,"","JH","2015-08-11 00:00:00"
"P06","P06_029",1219,"P06_029.pdf","map","Metsker's Atlas Township 42 N., Range 3 E.B.M.",,"C.F. Metsker","SP0393 closest property","Dec., 1939",1939,"","JH","2015-08-11 00:00:00"
"P06","P06_030",1134,"P06_030.pdf","map","Metsker's Atlas Township 43 N., Range 3 E.B.M.",,"C.F. Metsker","WL0549 closest property","Dec., 1939",1939,"","JH","2015-08-11 00:00:00"
"P06","P06_031",1263,"P06_031.pdf","map","Metsker's Atlas Township 44 N., Range 3 E.B.M.",,"C.F. Metsker","","Dec., 1939",1939,"","JH","2015-08-11 00:00:00"
"P06","P06_032",1414,"P06_032.pdf","map","Metsker's Atlas Township 45 N., Range 3 E.B.M.",,"C.F. Metsker","","Dec., 1939",1939,"","JH","2015-08-11 00:00:00"
"P06","P06_033",1239,"P06_033.pdf","map","Metsker's Atlas Township 46 N., Range 3 E.B.M.",,"C.F. Metsker","WL0515  closest property","Dec., 1939",1939,"","JH","2015-08-11 00:00:00"
"P06","P06_034",1245,"P06_034.pdf","map","Metsker's Atlas Township 47 N., Range 3 E.B.M.",,"C.F. Metsker","","Dec., 1939",1939,"","JH","2015-08-11 00:00:00"
"P06","P06_035",2431,"P06_035.pdf","map","Metsker's Atlas Township 48 N., Range 3 E.B.M.",,"C.F. Metsker","","Dec., 1939",1939,"","JH","2015-08-11 00:00:00"
"P06","P06_036",1324,"P06_036.pdf","map","Metsker's Atlas Township 49 N., Range 3 E.B.M.",,"C.F. Metsker","","Dec., 1939",1939,"","JH","2015-08-11 00:00:00"
"P06","P06_037",1170,"P06_037.pdf","map","Metsker's Atlas Township 50 N., Range 3 E.B.M.",,"C.F. Metsker","","Dec., 1939",1939,"","JH","2015-08-11 00:00:00"
"P06","P06_038",1166,"P06_038.pdf","map","Metsker's Atlas Township 51 N., Range 3 E.B.M.",,"C.F. Metsker","WL0037 closest property","Dec., 1939",1939,"","JH","2015-08-11 00:00:00"
"P06","P06_039",1128,"P06_039.pdf","map","Metsker's Atlas Township 52 N., Range 3 E.B.M.",,"C.F. Metsker","SP0037 closest property","Dec., 1939",1939,"","JH","2015-08-11 00:00:00"
"P06","P06_040",1101,"P06_040.pdf","map","Metsker's Atlas Township 42 N., Range 4 E.B.M.",,"C.F. Metsker","WL0555 closest property","Dec., 1939",1939,"","JH","2015-08-11 00:00:00"
"P06","P06_041",1122,"P06_041.pdf","map","Metsker's Atlas Township 43 N., Range 4 E.B.M.",,"C.F. Metsker","","Dec., 1939",1939,"","JH","2015-08-12 00:00:00"
"P06","P06_042",1080,"P06_042.pdf","map","Metsker's Atlas Township 44 N., Range 4 E.B.M.",,"C.F. Metsker","","Dec., 1939",1939,"","JH","2015-08-12 00:00:00"
"P06","P06_043",1278,"P06_043.pdf","map","Metsker's Atlas Township 45 N., Range 4 E.B.M.",,"C.F. Metsker","","Dec., 1939",1939,"","JH","2015-08-12 00:00:00"
"P06","P06_044",1131,"P06_044.pdf","map","Metsker's Atlas Township 46 N., Range 4 E.B.M.",,"C.F. Metsker","","Dec., 1939",1939,"","JH","2015-08-12 00:00:00"
"P06","P06_045",1286,"P06_045.pdf","map","Metsker's Atlas Township 47 N., Range 4 E.B.M.",,"C.F. Metsker","","Dec., 1939",1939,"","JH","2015-08-12 00:00:00"
"P06","P06_046",2424,"P06_046.pdf","map","Metsker's Atlas Township 48 N., Range 4 E.B.M.",,"C.F. Metsker","","Dec., 1939",1939,"","JH","2015-08-12 00:00:00"
"P06","P06_047",1537,"P06_047.pdf","map","Metsker's Atlas Township 49 N., Range 4 E.B.M.",,"C.F. Metsker","","Dec., 1939",1939,"","JH","2015-08-12 00:00:00"
"P06","P06_048",1474,"P06_048.pdf","map","Metsker's Atlas Township 50 N., Range 4 E.B.M.",,"C.F. Metsker","","Dec., 1939",1939,"","JH","2015-08-12 00:00:00"
"P06","P06_049",1110,"P06_049.pdf","map","Metsker's Atlas Township 51 N., Range 4 E.B.M.",,"C.F. Metsker","","Dec., 1939",1939,"","JH","2015-08-12 00:00:00"
"P06","P06_050",1060,"P06_050.pdf","map","Metsker's Atlas Township 52 N., Range 4 and 5 E.B.M.",,"C.F. Metsker","WL0585 closest property","Dec., 1939",1939,"","JH","2015-08-12 00:00:00"
"P06","P06_051",1142,"P06_051.pdf","map","Metsker's Atlas Township 42 N., Range 5 E.B.M.",,"C.F. Metsker","","Dec., 1939",1939,"","JH","2015-08-12 00:00:00"
"P06","P06_052",1127,"P06_052.pdf","map","Metsker's Atlas Township 43 N., Range 5 E.B.M.",,"C.F. Metsker","","Dec., 1939",1939,"","JH","2015-08-12 00:00:00"
"P06","P06_053",1138,"P06_053.pdf","map","Metsker's Atlas Township 44 N., Range 5 E.B.M.",,"C.F. Metsker","","Dec., 1939",1939,"","JH","2015-08-12 00:00:00"
"P06","P06_054",1238,"P06_054.pdf","map","Metsker's Atlas Township",,"C.F. Metsker","","Dec., 1939",1939,"","JH","2015-08-12 00:00:00"
"P06","P06_055",1128,"P06_055.pdf","map","Metsker's Atlas Township 46 N., Range 5 E.B.M.",,"C.F. Metsker","WL0498 closest property","Dec., 1939",1939,"","JH","2015-08-12 00:00:00"
"P06","P06_056",1428,"P06_056.pdf","map","Metsker's Atlas Township 47 N., Range 5 E.B.M.",,"C.F. Metsker","","Dec., 1938",1938,"","JH","2015-08-12 00:00:00"
"P06","P06_057",3453,"P06_057.pdf","map","Metsker's Atlas Township",,"C.F. Metsker","","Dec., 1939",1939,"","JH","2015-08-12 00:00:00"
"P06","P06_058",1702,"P06_058.pdf","map","Metsker's Atlas Township 49 N., Range 5 E.B.M.",,"C.F. Metsker","","Dec., 1939",1939,"","JH","2015-08-12 00:00:00"
"P06","P06_059",1455,"P06_059.pdf","map","Metsker's Atlas Township 50 N., Range 5 E.B.M.",,"C.F. Metsker","","Dec., 1939",1939,"","JH","2015-08-12 00:00:00"

The free trial of MDB ACCDB Viewer exports only half of the records in each table.
