"Sequence Number","Commodity","ProductionValue","ProductionType"
"BO0292","Au","A","oz"
"BO0296","Au","B","oz"
"BO0302","Au","C","oz"
"BO0304","Au","C","oz"
"BO0315","Au","A","oz"
"BO0316","Au","B","oz"
"BO0320","Au","A","oz"
"BO0323","Au","A","oz"
"BO0324","Au","A","oz"
"BO0327","Au","A","oz"
"BO0329","Au","C","oz"
"BO0331","Au","A","oz"
"BO0334","Au","A","oz"
"BO0335","Au","A","oz"
"BO0336","Au","A","oz"
"BO0343","Au","D","oz"
"BO0344","Au","C","oz"
"BO0345","Au","C","oz"
"BO0346","Au","A","oz"
"BO0347","Au","A","oz"
"BO0348","Au","B","oz"
"BO0349","Au","A","oz"
"BO0350","Au","A","oz"
"BO0351","Au","A","oz"
"BO0381","Au","A","oz"
"BO0382","Au","A","oz"
"BO0383","Au","B","oz"
"BO0384","Au","A","oz"
"BO0396","Au","A","oz"
"BO0398","Au","C","oz"
"BO0404","Au","A","oz"
"BO0408","Au","C","oz"
"BO0409","Au","A","oz"
"BO0410","Au","E","oz"
"BO0423","Au","A","oz"
"BO0437","Au","C","oz"
"BO0439","Au","A","oz"
"BO0456","Au","C","oz"
"BO0458","Au","C","oz"
"BO0459","Au","A","oz"
"BO0464","Au","B","oz"
"CH0028","Au","A","oz"
"CH0041","Au","B","oz"
"CH0050","Au","G","oz"
"CH0057","Au","A","oz"
"CH0069","Au","E","oz"
"CH0087","Au","E","oz"
"CH0088","Au","C","oz"
"CH0093","Au","A","oz"
"CH0097","Au","B","oz"
"CH0098","Au","A","oz"
"CH0100","Au","C","oz"
"CH0103","Au","C","oz"
"CH0105","Au","A","oz"
"CH0106","Au","A","oz"
"CH0107","Au","A","oz"
"CH0110","Au","A","oz"
"CH0111","Au","A","oz"
"CH0122","Au","A","oz"
"CH0126","Au","F","oz"
"CH0127","Au","I","oz"
"CH0133","Au","H","oz"
"CH0141","Au","A","oz"
"CH0173","Au","A","oz"
"CH0190","Au","A","oz"
"CH0195","Ag","A","oz"
"CH0198","Au","B","oz"
"CH0199","Au","B","oz"
"CH0200","Au","C","oz"
"CH0209","Au","C","oz"
"CH0213","Au","C","oz"
"CH0236","Au","A","oz"
"CH0243","Au","A","oz"
"CH0244","Ag","C","oz"
"CH0249","Ag","C","oz"
"CH0251","Au","C","oz"
"CH0269","Au","A","oz"
"CH0280","Au","G","oz"
"CH0288","Ag","C","oz"
"CH0289","Au","A","oz"
"CH0290","Ag","A","oz"
"CH0310","Au","A","oz"
"CH0342","Au","A","oz"
"CH0346","Au","B","oz"
"CH0348","Au","C","oz"
"CH0349","Au","A","oz"
"CH0350","Au","E","oz"
"CH0351","Au","A","oz"
"CH0352","Au","D","oz"
"CH0354","Ag","B","oz"
"CH0358","Au","C","oz"
"CH0362","Au","A","oz"
"CH0363","Au","G","oz"
"CH0368","Au","A","oz"
"CH0369","Au","C","oz"
"CH0373","Ag","C","oz"
"CH0375","Au","A","oz"
"CH0376","Au","A","oz"
"CH0377","Au","B","oz"
"CH0378","Au","A","oz"
"CH0379","Ag","E","oz"
"CH0384","Au","A","oz"
"CH0385","Au","B","oz"
"CH0386","Au","A","oz"
"CH0390","Au","A","oz"
"CH0391","Ag","C","oz"
"CH0396","Au","A","oz"
"CH0398","Au","A","oz"
"CH0400","Au","B","oz"
"CH0402","Au","A","oz"
"CH0403","Au","C","oz"
"CH0407","Au","A","oz"
"CH0411","Au","B","oz"
"CH0412","Au","A","oz"
"CH0417","Ag","B","oz"
"CH0419","Au","A","oz"
"CH0746","Au","C","oz"
"CH0747","Au","E","oz"
"CH0748","Au","A","oz"
"CH0752","Au","A","oz"
"CH0753","Au","A","oz"
"CH0755","Au","A","oz"
"CH0763","Au","A","oz"
"CH0783","Au","A","oz"
"CH0790","Au","A","oz"
"CH0836","Au","A","oz"
"CH0845","Au","A","oz"
"CH0853","Au","A","oz"
"CH0900","Ag","A","oz"
"CH0902","Au","A","oz"
"CH0908","Au","A","oz"
"CH0930","Au","C","oz"
"CH0934","Au","D","oz"
"CH0945","Au","A","oz"
"CH0958","Au","A","oz"
"CH0960","Ag","B","oz"
"CH0977","Au","A","oz"
"CH0979","Au","C","oz"
"CH0980","Au","B","oz"
"CH0981","Au","D","oz"
"CH0997","Ag","B","oz"
"CH1021","Au","A","oz"
"CH1042","Au","G","oz"
"CH1045","Au","A","oz"
"CH1046","Au","A","oz"
"CH1054","Au","A","oz"
"CH1055","Au","A","oz"
"CH1074","Au","C","oz"
"CH1075","Au","A","oz"
"CH1076","Au","B","oz"
"CH1092","Au","E","oz"
"CH1098","Au","B","oz"
"CH1099","Au","B","oz"
"CH1115","Au","A","oz"
"CH1130","Au","A","oz"
"CH1139","Au","A","oz"
"CH1142","Au","B","oz"
"CH1144","Au","C","oz"
"CH1146","Au","A","oz"
"CH1149","Au","C","oz"
"CH1161","Au","A","oz"
"CH1170","Ag","A","oz"
"CH1171","Ag","B","oz"
"CH1173","Ag","C","oz"
"CH1178","Ag","B","oz"
"CH1190","Au","A","oz"
"CH1194","Au","A","oz"
"CH1201","Ag","C","oz"
"CH1202","Ag","E","oz"
"CH1203","Ag","D","oz"
"CH1205","Ag","D","oz"
"CH1208","Au","E","oz"
"CH1209","Au","A","oz"
"CH1210","Ag","C","oz"
"CH1213","Ag","F","oz"
"CH1217","Au","A","oz"
"CH1218","Ag","E","oz"
"CH1219","Au","A","oz"
"CH1232","Au","C","oz"
"CH1233","Ag","C","oz"
"CH1234","Ag","U","lbs"
"CH1236","Au","A","oz"
"CH1238","Au","A","oz"
"CH1239","Au","A","oz"
"CH1249","Ag","D","oz"
"CH1251","Au","A","oz"
"CH1253","Au","A","oz"
"CH1254","Au","A","oz"
"CH1255","Au","C","oz"
"CH1272","Au","A","oz"
"CH1283","Au","D","oz"
"DI0001","Ag","A","oz"
"DI0004","Au","A","oz"
"DI0005","Au","A","oz"
"DI0007","Au","A","oz"
"DI0019","Au","A","oz"
"DI0021","Au","E","oz"
"DI0023","Au","A","oz"
"DI0024","Au","C","oz"
"DI0025","Au","F","oz"
"DI0026","Au","B","oz"
"DI0027","Au","C","oz"
"DI0028","Au","A","oz"
"DI0029","Au","A","oz"
"DI0030","Au","A","oz"
"DI0031","Au","E","oz"
"DI0032","Au","C","oz"
"DI0033","Au","E","oz"
"DI0038","Au","A","oz"
"DI0042","Au","B","oz"
"DI0043","Au","A","oz"
"DI0045","Au","A","oz"
"DI0047","Au","B","oz"
"DI0048","Au","A","oz"
"DI0049","Au","C","oz"
"DI0051","Au","B","oz"
"DI0052","Au","E","oz"
"DI0058","Au","C","oz"
"DI0060","Au","B","oz"
"DI0061","Au","A","oz"
"DI0067","Au","C","oz"
"DI0071","Au","A","oz"
"DI0073","Au","A","oz"
"DI0074","Au","A","oz"
"DI0081","Au","D","oz"
"DI0082","Au","C","oz"
"DI0085","Au","A","oz"
"DI0090","Au","A","oz"
"DI0091","Au","A","oz"
"DI0092","Au","A","oz"
"DI0093","Au","C","oz"
"DI0095","Au","E","oz"
"EC0597","Au","A","oz"
"EC0601","Au","B","oz"
"EC0602","Au","A","oz"
"EC0609","Au","B","oz"
"EC0610","Au","A","oz"
"EC0625","Au","E","oz"
"EC0627","Au","A","oz"
"EC0628","Au","A","oz"
"EC0630","Au","A","oz"
"EC0632","Au","A","oz"
"EC1299","Au","A","oz"
"EC0634","Au","A","oz"
"EC0635","Au","A","oz"
"EC0640","Au","A","oz"
"EC0641","Au","B","oz"
"EC0642","Au","A","oz"
"EC0643","Au","A","oz"
"EC0645","Au","A","oz"
"EC0647","Au","A","oz"
"EC0649","Au","A","oz"
"EC0650","Ag","C","oz"
"EC0651","Au","A","oz"
"EC0655","Au","A","oz"
"EC0656","Au","A","oz"
"EC0657","Au","B","oz"
"EC1303","Au","A","oz"
"EC0658","Au","A","oz"
"EC0659","Au","A","oz"
"EC0660","Au","A","oz"
"EC0664","Au","D","oz"
"EC0666","Au","A","oz"
"EC0668","Au","C","oz"
"EC0670","Au","B","oz"
"EC0671","Au","H","oz"
"EC0672","Au","E","oz"
"EC0673","Au","C","oz"
"EC0674","Au","C","oz"
"EC0675","Au","A","oz"
"EC0677","Au","C","oz"
"EC0680","Au","A","oz"
"EC0682","Au","C","oz"
"EC0683","Au","A","oz"
"EC0684","Au","A","oz"
"EC0686","Au","C","oz"
"EC0691","Au","B","oz"
"EC0693","Au","C","oz"
"EC0696","Au","A","oz"
"EC0697","Au","C","oz"
"EC0698","Au","B","oz"
"EC0703","Au","C","oz"
"EC0706","Au","A","oz"
"EC0708","Au","F","oz"
"EC0710","Au","C","oz"
"EC0711","Au","E","oz"
"EC0716","Au","D","oz"
"EC0717","Au","A","oz"
"EC0718","Au","A","oz"
"EC0729","Au","C","oz"
"EC0730","Au","A","oz"
"EC0732","Au","A","oz"
"EC0733","Au","C","oz"
"EC0739","Au","A","oz"
"EC0741","Au","B","oz"
"EC0747","Au","A","oz"
"EC0748","Au","A","oz"
"EC0749","Au","C","oz"
"EC0750","Au","A","oz"
"EC0751","Au","A","oz"
"EC0753","Au","A","oz"
"EC0754","Au","A","oz"
"EC0755","Au","A","oz"
"EC0760","Au","A","oz"
"EC0761","Au","A","oz"
"EC0762","Au","A","oz"
"EC0763","Au","C","oz"
"EC0764","Au","A","oz"
"EC0771","Au","A","oz"
"EC0773","Au","A","oz"
"EC0777","Au","A","oz"
"EC0778","Au","A","oz"
"EC0781","Au","A","oz"
"EC0783","Au","D","oz"
"EC0789","Au","C","oz"
"EC0795","Au","B","oz"
"EC0796","Au","B","oz"
"EC0807","Au","A","oz"
"EC0827","Au","F","oz"
"EC0861","Au","A","oz"
"EC0868","Au","A","oz"
"EC0869","Au","A","oz"
"EC0870","Au","A","oz"
"EC0875","Au","A","oz"
"EC0876","Au","A","oz"
"EC0882","Au","C","oz"
"EC0907","Au","C","oz"
"EC0935","Au","A","oz"
"EC0968","Au","A","oz"
"EC0970","Au","B","oz"
"EC0973","Au","A","oz"
"EC0974","Au","A","oz"
"EC0975","Au","A","oz"
"EC0976","Au","A","oz"
"EC0982","Au","B","oz"
"EC0983","Ag","B","oz"
"EC0984","Au","A","oz"
"EC0985","Au","A","oz"
"EC1030","Au","B","oz"
"EC1031","Au","A","oz"
"EC1036","Au","A","oz"
"EC1038","Au","C","oz"
"EC1041","Au","A","oz"
"EC1044","Au","A","oz"
"EC1048","Au","A","oz"
"EC1050","Au","A","oz"
"EC1051","Au","A","oz"
"EC1052","Au","A","oz"
"CH0727","Au","C","oz"
"CH0730","Au","B","oz"
"CH0731","Au","D","oz"
"CH0732","Au","D","oz"
"CH0733","Au","E","oz"
"CH0734","Au","E","oz"
"CH0736","Au","A","oz"
"BA0015","Au","C","oz"
"BA0017","Au","A","oz"
"BA0018","Au","A","oz"
"BA0032","Au","A","oz"
"BA0039","Au","A","oz"
"BA0042","Au","A","oz"
"BA0044","Au","A","oz"
"BA0045","Au","A","oz"
"BA0053","Au","A","oz"
"BA0055","Ag","G","oz"
"BA0059","Au","A","oz"
"BA0061","Au","A","oz"
"BA0062","Au","A","oz"
"BA0089","Au","A","oz"
"BA0092","Au","A","oz"
"BA0105","Au","B","oz"
"BA0106","Au","A","oz"
"BA0124","Au","A","oz"
"BA0125","Ag","A","oz"
"BA0148","Au","A","oz"
"BA0158","Au","C","oz"
"BA0188","Au","A","oz"
"BA0189","Au","A","oz"
"BA0195","Ag","F","oz"
"BA0196","Ag","D","oz"
"BA0198","Au","A","oz"
"BO0001","Au","A","oz"
"BO0002","Au","F","oz"
"BO0006","Au","A","oz"
"BO0007","Au","C","oz"
"BO0012","Au","A","oz"
"BO0015","Au","B","oz"
"BO0019","Au","C","oz"
"BO0023","Au","A","oz"
"BO0033","Au","A","oz"
"BO0034","Au","C","oz"
"BO0036","Au","A","oz"
"BO0047","Au","D","oz"
"BO0049","Au","A","oz"
"BO0050","Au","F","oz"
"BO0051","Au","A","oz"
"BO0053","Au","E","oz"
"BO0055","Au","C","oz"
"BO0056","Au","C","oz"
"BO0057","Au","E","oz"
"BO0059","Au","F","oz"
"BO0060","Au","A","oz"
"BO0065","Au","A","oz"
"BO0066","Au","A","oz"
"BO0069","Au","B","oz"
"BO0071","Au","A","oz"
"BO0074","Au","G","oz"
"BO0080","Au","F","oz"
"BO0084","Au","A","oz"
"BO0085","Au","F","oz"
"BO0086","Au","A","oz"
"BO0090","Au","A","oz"
"BO0091","Au","A","oz"
"BO0099","Au","B","oz"
"BO0100","Au","I","oz"
"BO0115","Au","C","oz"
"BO0116","Au","C","oz"
"BO0118","Au","A","oz"
"BO0123","Au","A","oz"
"BO0133","Au","C","oz"
"BO0135","Au","D","oz"
"BO0139","Au","E","oz"
"BO0140","Au","B","oz"
"BO0141","Au","C","oz"
"BO0144","Au","A","oz"
"BO0145","Au","A","oz"
"BO0148","Au","B","oz"
"BO0149","Au","C","oz"
"BO0150","Au","A","oz"
"BO0152","Au","A","oz"
"BO0153","Au","G","oz"
"BO0156","Au","A","oz"
"BO0157","Au","C","oz"
"BO0158","Au","C","oz"
"BO0159","Au","A","oz"
"BO0162","Au","C","oz"
"BO0166","Au","A","oz"
"BO0168","Au","A","oz"
"BO0170","Au","C","oz"
"BO0173","Au","C","oz"
"BO0176","Au","B","oz"
"BO0177","Au","C","oz"
"BO0181","Au","E","oz"
"BO0184","Au","A","oz"
"BO0185","Au","A","oz"
"BO0186","Au","A","oz"
"BO0187","Au","A","oz"
"BO0190","Au","C","oz"
"BO0193","Au","B","oz"
"BO0195","Au","C","oz"
"BO0197","Au","A","oz"
"BO0201","Au","A","oz"
"BO0203","Au","D","oz"
"BO0205","Au","A","oz"
"BO0210","Au","G","oz"
"BO0211","Au","A","oz"
"BO0213","Au","B","oz"
"BO0214","Au","A","oz"
"BO0215","Au","A","oz"
"BO0217","Au","A","oz"
"CH0738","Au","A","oz"
"CH0743","Au","A","oz"
"CH0744","Au","B","oz"
"CH0745","Au","D","oz"
"EC0243","Au","A","oz"
"EC0249","Au","A","oz"
"EC0251","Au","A","oz"
"EC0256","Au","A","oz"
"EC0257","Au","A","oz"
"EC0258","Au","A","oz"
"EC0259","Au","A","oz"
"EC0260","Au","C","oz"
"EC0266","Au","A","oz"
"EC0267","Au","A","oz"
"EC0268","Au","A","oz"
"EC0277","Au","E","oz"
"EC0285","Au","A","oz"
"EC0290","Au","A","oz"
"EC0297","Au","A","oz"
"EC0312","Au","A","oz"
"EC0318","Au","G","oz"
"EC0323","Au","A","oz"
"EC0333","Au","B","oz"
"EC0356","Au","C","oz"
"EC0361","Au","A","oz"
"EC0369","Au","C","oz"
"EC0379","Au","A","oz"
"EC0388","Au","A","oz"
"EC0391","Au","A","oz"
"EC0398","Au","A","oz"
"EC0401","Au","G","oz"
"EC0404","Au","E","oz"
"EC0405","Au","B","oz"
"EC0407","Au","D","oz"
"EC0410","Au","E","oz"
"EC0411","Au","A","oz"
"EC0413","Au","C","oz"
"EC0414","Au","A","oz"
"EC0415","Au","C","oz"
"EC0416","Au","A","oz"
"EC0417","Au","A","oz"
"EC0433","Au","G","oz"
"EC0441","Au","G","oz"
"EC0447","Au","A","oz"
"EC0451","Au","B","oz"
"EC0454","Au","A","oz"
"EC0457","Au","A","oz"
"EC0463","Au","A","oz"
"EC0464","Au","A","oz"
"EC0465","Au","A","oz"
"EC0469","Au","C","oz"
"EC0472","Au","C","oz"
"EC0474","Au","D","oz"
"EC0475","Au","B","oz"
"EC0476","Au","A","oz"
"EC0477","Au","A","oz"
"EC0478","Au","B","oz"
"EC0480","Au","C","oz"
"EC0481","Au","A","oz"
"EC0482","Au","A","oz"
"EC0483","Ag","A","oz"
"EC0484","Au","A","oz"
"EC0485","Au","D","oz"
"EC0488","Au","C","oz"
"EC0489","Au","A","oz"
"EC0491","Au","D","oz"
"EC0492","Au","E","oz"
"EC0493","Au","E","oz"
"EC0494","Au","C","oz"
"EC0495","Au","F","oz"
"EC0497","Au","E","oz"
"EC0498","Au","A","oz"
"EC0499","Au","A","oz"
"EC0503","Au","A","oz"
"EC0504","Au","A","oz"
"EC0507","Au","G","oz"
"EC0509","Au","A","oz"
"EC0511","Au","A","oz"
"EC0512","Au","E","oz"
"EC0513","Au","D","oz"
"EC0514","Au","C","oz"
"EC0515","Au","A","oz"
"EC0517a","Au","A","oz"
"EC0519","Au","D","oz"
"EC0520","Au","A","oz"
"EC0521","Au","B","oz"
"EC0522","Au","D","oz"
"EC0524","Au","D","oz"
"EC0525","Au","A","oz"
"EC0528","Au","B","oz"
"EC0529","Au","C","oz"
"EC0530","Au","B","oz"
"EC0531","Au","B","oz"
"EC0532","Au","E","oz"
"EC0533","Au","A","oz"
"EC0534","Au","A","oz"
"EC0535","Au","B","oz"
"EC0536","Au","F","oz"
"EC0538","Au","A","oz"
"EC0539","Au","A","oz"
"EC0540","Au","A","oz"
"EC0541","Au","A","oz"
"EC0544","Au","E","oz"
"EC0545","Au","B","oz"
"EC0548","Au","A","oz"
"EC0549","Au","G","oz"
"EC0550","Au","C","oz"
"EC0556","Au","D","oz"
"EC0562","Au","A","oz"
"EC0563","Au","C","oz"
"EC0566","Au","E","oz"
"EC0568","Au","A","oz"
"EC0569","Au","A","oz"
"EC0572","Au","E","oz"
"EC0574","Au","B","oz"
"EC0579","Au","E","oz"
"EC0581","Au","A","oz"
"EC0585","Au","A","oz"
"EC0594","Au","A","oz"
"EC0595","Au","A","oz"
"DI0096","Au","A","oz"
"DI0100","Au","B","oz"
"DI0102","Au","A","oz"
"DI0106","Au","C","oz"
"DI0125","Au","A","oz"
"DI0130","Au","C","oz"
"DI0131","Au","A","oz"
"DI0140","Au","A","oz"
"DI0143","Au","A","oz"
"DI0144","Au","A","oz"
"DI0145","Au","D","oz"
"DI0146","Au","C","oz"
"DI0154","Au","A","oz"
"DI0159","Ag","C","oz"
"DI0160","Au","D","oz"
"DI0162","Au","A","oz"
"DI0163","Au","C","oz"
"DI0165","Au","E","oz"
"DI0166","Au","C","oz"
"DI0169","Au","A","oz"
"DI0170","Au","B","oz"
"DI0171","Au","F","oz"
"DI0172","Au","A","oz"
"DI0175","Au","A","oz"
"DI0177","Au","A","oz"
"DI0178","Au","A","oz"
"DI0179","Au","A","oz"
"DI0182","Au","A","oz"
"DI0183","Au","A","oz"
"DI0186","Au","C","oz"
"DI0187","Au","A","oz"
"DI0189","Au","A","oz"
"DI0190","Au","E","oz"
"DI0192","Au","A","oz"
"DI0193","Au","A","oz"
"DI0194","Au","C","oz"
"DI0196","Au","A","oz"
"DI0197","Au","A","oz"
"DI0198","Au","A","oz"
"DR0057","Au","C","oz"
"DR0074","Au","A","oz"
"DR0075","Au","A","oz"
"DR0156","Au","C","oz"
"DR0164","Au","A","oz"
"DR0165","Au","A","oz"
"DR0167","Au","E","oz"
"DR0168","Au","C","oz"
"DR0172","Au","A","oz"
"DR0173","Au","B","oz"
"DR0175","Cu","F","lbs"
"DR0178","Au","A","oz"
"DU0006","Au","A","oz"
"DU0050","Au","A","oz"
"DU0056","Au","A","oz"
"DU0064","Au","E","oz"
"DU0073","Au","A","oz"
"DU0112","Au","A","oz"
"DU0162","Ag","A","oz"
"DU0168","Au","A","oz"
"DU0169","Au","B","oz"
"DU0171","Au","A","oz"
"DU0172","Au","A","oz"
"DU0173","Au","E","oz"
"DU0175","Au","A","oz"
"DU0177","Au","A","oz"
"DU0180","Au","A","oz"
"DU0181","Au","A","oz"
"DU0185","Au","A","oz"
"DU0186","Au","A","oz"
"DU0188","Au","C","oz"
"DU0192","Au","E","oz"
"DU0194","Au","A","oz"
"DU0195","Au","F","oz"
"DU0196","Au","F","oz"
"DU0197","Au","E","oz"
"DU0206","Au","A","oz"
"DU0208","Ag","C","oz"
"DU0212","Au","A","oz"
"DU0223","Ag","C","oz"
"DU0225","Au","A","oz"
"DU0227","Ag","C","oz"
"DU0228","Au","B","oz"
"DU0231","Au","A","oz"
"DU0234","Ag","C","oz"
"DU0235","Au","B","oz"
"DU0238","Au","A","oz"
"DU0239","Au","A","oz"
"DU0241","Au","A","oz"
"DU0244","Au","A","oz"
"DU0248","Ag","D","oz"
"DU0249","Cu","G","lbs"
"DU0254","Ag","B","oz"
"DU0255","Au","A","oz"
"DU0257","Au","A","oz"
"DU0258","Au","A","oz"
"DU0337","Ag","F","oz"
"DU0337","Cu","D","lbs"
"DU0337","Pb","I","lbs"
"DU0337","Zn","D","lbs"
"DU0598","Ag","C","oz"
"DU0598","Cu","C","lbs"
"DU0598","Pb","E","lbs"
"BO0220","Au","A","oz"
"BO0225","Au","A","oz"
"BO0227","Au","A","oz"
"BO0234","Au","A","oz"
"BO0236","Au","A","oz"
"BO0243","Au","A","oz"
"BO0248","Au","A","oz"
"BO0255","Au","A","oz"
"BO0260","Au","A","oz"
"BO0263","Au","G","oz"
"BO0264","Au","G","oz"
"BO0270","Au","A","oz"
"BO0278","Au","A","oz"
"BO0279","Au","A","oz"
"CH0420","Au","A","oz"
"CH0421","Au","A","oz"
"CH0422","Au","A","oz"
"CH0423","Au","A","oz"
"CH0430","Au","G","oz"
"CH0431","Au","C","oz"
"CH0433","Au","A","oz"
"CH0434","Au","E","oz"
"CH0436","Au","A","oz"
"CH0438","Au","C","oz"
"CH0449","Au","A","oz"
"CH0453","Au","A","oz"
"CH0457","Au","A","oz"
"CH0458","Au","A","oz"
"CH0462","Au","C","oz"
"CH0463","Au","E","oz"
"CH0465","Au","A","oz"
"CH0466","Au","E","oz"
"CH0475","Au","A","oz"
"CH0476","Au","A","oz"
"CH0492","Au","A","oz"
"CH0494","Au","A","oz"
"CH0495","Au","A","oz"
"CH0501","Au","A","oz"
"CH0503","Au","A","oz"
"CH0531","Au","A","oz"
"CH0538","Au","A","oz"
"CH0539","Au","A","oz"
"CH0544","Au","C","oz"
"CH0545","Au","A","oz"
"CH0546","Au","A","oz"
"CH0547","Au","C","oz"
"CH0548","Au","B","oz"
"CH0549","Au","A","oz"
"CH0553","Au","B","oz"
"CH0555","Au","A","oz"
"CH0556","Au","C","oz"
"CH0557","Ag","C","oz"
"CH0558","Au","A","oz"
"CH0559","Au","A","oz"
"CH0560","Au","C","oz"
"CH0562","Au","C","oz"
"CH0563","Au","G","oz"
"CH0564","Au","B","oz"
"CH0568","Au","B","oz"
"CH0570","Au","E","oz"
"CH0571","Au","E","oz"
"CH0574","Au","G","oz"
"CH0576","Au","B","oz"
"CH0579","Ag","C","oz"
"CH1279","Au","B","oz"
"CH0589","Au","A","oz"
"CH0592","Au","A","oz"
"CH0595","Ag","C","oz"
"CH0626","Au","C","oz"
"CH0627","Au","A","oz"
"CH0628","Au","A","oz"
"CH0637","Au","A","oz"
"CH0638","Au","A","oz"
"CH0654","Ag","A","oz"
"CH0662","Au","A","oz"
"CH0664","Au","A","oz"
"CH0670","Au","A","oz"
"CH0671","Au","E","oz"
"CH0672","Au","A","oz"
"CH0683","Au","D","oz"
"CH0684","Au","B","oz"
"CH0686","Au","E","oz"
"CH0693","Au","C","oz"
"CH0703","Au","B","oz"
"CH0704","Au","A","oz"
"CH0705","Au","A","oz"
"CH0711","Au","A","oz"
"CH0713","Au","A","oz"
"CH0714","Au","C","oz"
"CH0718","Au","C","oz"
"CH0721","Au","B","oz"
"CH0722","Au","B","oz"
"CH0724","Au","A","oz"
"DU0259","Au","A","oz"
"DU0267","Au","A","oz"
"DU0268","Ag","D","oz"
"DU0296","Ag","A","oz"
"DU0297","Ag","B","oz"
"DU0306","Au","A","oz"
"DU0321","Ag","E","oz"
"DU0322","Ag","E","oz"
"DU0323","Ag","C","oz"
"DU0324","Au","A","oz"
"DU0327","Ag","D","oz"
"DU0330","Au","A","oz"
"DU0333","Ag","D","oz"
"DU0334","Ag","E","oz"
"DU0337","Au","A","oz"
"DU0340","Ag","A","oz"
"DU0341","Au","A","oz"
"DU0350","Au","A","oz"
"DU0355","Ag","C","oz"
"DU0360","Ag","C","oz"
"DU0363","Au","A","oz"
"DU0364","Au","A","oz"
"DU0365","Au","A","oz"
"DU0384","Ag","A","oz"
"DU0388","Au","C","oz"
"DU0399","Au","C","oz"
"DU0414","Au","A","oz"
"DU0415","Ag","A","oz"
"DU0441","Ag","A","oz"
"DU0444","Au","A","oz"
"DU0448","Au","A","oz"
"DU0452","Ag","B","oz"
"DU0461","Ag","B","oz"
"DU0467","Ag","B","oz"
"DU0469","Au","A","oz"
"DU0479","Au","A","oz"
"DU0482","Ag","B","oz"
"DU0487","Ag","A","oz"
"DU0490","Au","A","oz"
"DU0491","Ag","A","oz"
"DU0497","Au","B","oz"
"DU0502","Au","A","oz"
"DU0507","Au","A","oz"
"DU0521","Au","A","oz"
"DU0551","Au","A","oz"
"EC0002","Au","E","oz"
"EC0003","Au","D","oz"
"EC0007","Au","A","oz"
"EC0008","Au","C","oz"
"EC0009","Au","A","oz"
"EC0014","Au","F","oz"
"EC0016","Au","G","oz"
"EC0017","Au","D","oz"
"EC0020","Au","A","oz"
"EC0021","Au","D","oz"
"EC0022","Au","F","oz"
"EC0023","Au","E","oz"
"EC0024","Au","A","oz"
"EC0028","Au","A","oz"
"EC0029","Au","E","oz"
"EC0030","Au","A","ton"
"EC0035","Au","C","oz"
"EC0036","Au","C","oz"
"EC1285","Au","A","oz"
"EC0039","Au","C","oz"
"EC0040","Au","C","oz"
"EC0042","Au","E","oz"
"EC0043","Au","A","oz"
"EC0044","Au","A","oz"
"EC0045","Au","A","oz"
"EC0047","Au","C","oz"
"EC0051","Au","D","oz"
"EC0053","Au","F","oz"
"EC0054","Au","D","oz"
"EC0058","Au","A","oz"
"EC0062","Au","A","oz"
"EC0065","Au","C","oz"
"EC0066","Au","B","oz"
"EC0068","Au","D","oz"
"EC0071","Au","C","oz"
"EC0072","Au","C","oz"
"EC0073","Au","A","oz"
"EC0074","Au","A","oz"
"EC0076","Au","A","oz"
"EC0079","Au","A","oz"
"EC0081","Au","C","oz"
"EC0083","Au","G","oz"
"EC0085","Au","F","oz"
"EC0091","Au","A","oz"
"EC0101","Au","F","oz"
"EC0102","Au","A","oz"
"EC0107","Au","C","oz"
"EC0110","Au","C","oz"
"EC0111","Au","A","oz"
"EC0115","Au","F","oz"
"EC0116","Au","B","oz"
"EC0117","Au","E","oz"
"EC0125","Au","E","oz"
"EC0130","Au","D","oz"
"EC0132","Au","C","oz"
"EC0133","Au","B","oz"
"EC0141","Au","A","oz"
"EC0146","Au","A","oz"
"EC0147","Au","E","oz"
"EC0148","Au","G","oz"
"EC0150","Au","C","oz"
"EC0158","Au","A","oz"
"EC0159","Au","C","oz"
"EC0160","Au","C","oz"
"EC0165","Au","A","oz"
"EC0166","Au","C","oz"
"EC0169","Au","C","oz"
"EC0172","Au","C","oz"
"EC0173","Au","A","oz"
"EC0176","Au","A","oz"
"EC0177","Au","A","oz"
"EC0178","Au","A","oz"
"EC0181","Au","A","oz"
"EC0182","Au","B","oz"
"EC0185","Au","A","oz"
"EC0186","Au","E","oz"
"EC0188","Au","A","oz"
"EC0189","Au","A","oz"
"EC0190","Au","C","oz"
"EC0192","Au","A","oz"
"EC0193","Au","C","oz"
"EC0195","Au","C","oz"
"EC0196","Au","B","oz"
"EC0199","Au","A","oz"
"EC0201","Au","A","oz"
"EC0202","Au","B","oz"
"EC0203","Au","C","oz"
"EC0204","Au","C","oz"
"EC0207","Au","A","oz"
"EC0209","Au","F","oz"
"EC0210","Au","H","oz"
"EC0212","Au","C","oz"
"EC0218","Au","C","oz"
"EC0220","Au","A","oz"
"EC0222","Au","A","oz"
"EC0224","Au","G","oz"
"EC0225","Au","A","oz"
"EC0226","Au","A","oz"
"EC0227","Au","C","oz"
"EC0228","Au","C","oz"
"EC0232","Au","C","oz"
"EC0233","Au","C","oz"
"EC0235","Au","A","oz"
"EC0236","Au","F","oz"
"EC0237","Au","E","oz"
"EC0238","Au","C","oz"
"EC0239","Au","F","oz"
"EC0242","Au","A","oz"
"EC1057","Au","A","oz"
"EC1061","Au","C","oz"
"EC1064","Au","A","oz"
"EC1065","Au","A","oz"
"EC1069","Au","A","oz"
"EC1070","Au","C","oz"
"EC1071","Au","C","oz"
"EC1073","Au","A","oz"
"EC1074","Au","C","oz"
"EC1076","Au","A","oz"
"EC1077","Au","C","oz"
"EC1081","Au","A","oz"
"EC1082","Au","H","oz"
"EC1083","Au","G","oz"
"EC1086","Au","B","oz"
"EC1088","Au","B","oz"
"EC1098","Au","A","oz"
"EC1102","Au","A","oz"
"EC1108","Au","A","oz"
"EC1114","Au","E","oz"
"EC1116","Au","A","oz"
"EC1117","Au","A","oz"
"EC1119","Au","A","oz"
"EC1123","Au","A","oz"
"EC1126","Au","A","oz"
"EC1128","Au","C","oz"
"EC1130","Au","A","oz"
"EC1140","Au","A","oz"
"EC1148","Au","A","oz"
"EC1152","Au","F","oz"
"EC1153","Au","B","oz"
"EC1156","Au","C","oz"
"EC1157","Au","B","oz"
"EC1159","Au","A","oz"
"EC1161","Au","A","oz"
"EC1162","Au","A","oz"
"EC1163","Au","C","oz"
"EC1165","Au","B","oz"
"EC1166","Au","A","oz"
"EC1169","Au","A","oz"
"EC1170","Au","A","oz"
"EC1173","Au","A","oz"
"EC1175","Au","A","oz"
"EC1176","Au","C","oz"
"EC1179","Au","A","oz"
"EC1180","Au","E","oz"
"EC1181","Au","D","oz"
"EC1183","Au","E","oz"
"EC1185","Au","E","oz"
"EC1187","Au","A","oz"
"EC1188","Au","C","oz"
"EC1193","Au","A","oz"
"EC1201","Au","C","oz"
"EC1202","Au","A","oz"
"EC1206","Au","A","oz"
"EC1209","Au","A","oz"
"EC1214","Ag","A","oz"
"EC1222","Au","E","oz"
"EC1227","Au","A","oz"
"EC1231","Au",,"A"
"EC1232","Au","C","oz"
"EC1233","Au","C","oz"
"EC1234","Au","A","oz"
"EC1237","Au","A","oz"
"GR0003","Au","C","oz"
"GR0006","Au","A","oz"
"GR0008","Au","A","oz"
"GR0011","Au","A","oz"
"GR0013","Au","C","oz"
"GR0015","Au","A","oz"
"GR0016","Au","A","oz"
"GR0019","Au","A","oz"
"GR0020","Au","C","oz"
"GR0021","Au","A","oz"
"GR0023","Au","A","oz"
"GR0025","Au","A","oz"
"GR0026","Au","A","oz"
"GR0027","Au","A","oz"
"GR0030","Au","A","oz"
"GR0032","Au","C","oz"
"GR0034","Au","D","oz"
"GR0037","Au","A","oz"
"GR0038","Au","A","oz"
"GR0039","Au","B","oz"
"GR0042","Au","B","oz"
"GR0045","Au","A","oz"
"GR0050","Au","A","oz"
"GR0051","Au","A","oz"
"GR0052","Au","B","oz"
"GR0053","Au","A","oz"
"GR0054","Au","A","oz"
"GR0059","Au","A","oz"
"GR0060","Au","A","oz"
"GR0065","Au","A","oz"
"GR0066","Au","A","oz"
"GR0069","Ag","C","oz"
"GR0071","Au","A","oz"
"GR0079","Au","A","oz"
"GR0080","Au","A","oz"
"GR0081","Au","A","oz"
"GR0083","Au","C","oz"
"GR0084","Au","A","oz"
"GR0085","Au","B","oz"
"GR0086","Au","A","oz"
"GR0089","Au","C","oz"
"GR0090","Au","C","oz"
"GR0107","Au","C","oz"
"GR0108","Au","A","oz"
"GR0110","Au","A","oz"
"GR0111","Au","A","oz"
"GR0113","Au","A","oz"
"GR0114","Au","A","oz"
"GR0116","Au","A","oz"
"GR0117","Au","A","oz"
"GR0121","Au","A","oz"
"GR0123","Au","B","oz"
"GR0129","Au","A","oz"
"GR0130","Au","C","oz"
"GR0131","Au","A","oz"
"GR0132","Au","A","oz"
"GR0133","Au","E","oz"
"GR0134","Au","D","oz"
"GR0135","Au","D","oz"
"GR0138","Au","A","oz"
"GR0142","Au","A","oz"
"GR0351","Au","A","oz"
"GR0145","Au","A","oz"
"GR0149","Au","A","oz"
"GR0152","Au","C","oz"
"GR0154","Au","A","oz"
"GR0156","Au","C","oz"
"GR0157","Au","A","oz"
"GR0158","Au","E","oz"
"GR0160","Au","C","oz"
"GR0163","Au","C","oz"
"GR0164","Au","A","oz"
"GR0165","Au","B","oz"
"GR0166","Au","C","oz"
"GR0174","Au","C","oz"
"GR0185","Au","A","oz"
"GR0191","Au","A","oz"
"GR0192","Ag","A","oz"
"GR0192","Au","C","oz"
"GR0194","Au","A","oz"
"GR0195","Au","A","oz"
"GR0198","Au","A","oz"
"GR0199","Au","A","oz"
"GR0200","Au","A","oz"
"GR0206","Au","A","oz"
"GR0209","Au","E","oz"
"GR0214","Au","A","oz"
"GR0217","Ag","A","oz"
"GR0227","Au","A","oz"
"GR0248","Au","F","oz"
"GR0249","Au","C","oz"
"GR0255","Au","C","oz"
"GR0256","Au","A","oz"
"GR0279","Ag","A","oz"
"GR0280","Ag","A","oz"
"GR0281","Au","A","oz"
"GR0283","Au","C","oz"
"GR0284","Au","A","oz"
"GR0285","Au","A","oz"
"GR0286","Au","A","oz"
"GR0291","Au","F","oz"
"GR0298","Au","A","oz"
"GR0309","Ag","B","oz"
"GR0312","Au","A","oz"
"GR0319","Au","A","oz"
"GR0321","Au","A","oz"
"GR0325","Au","A","oz"
"GR0333","Au","B","oz"
"HA0001","Au","C","oz"
"HA0002","Au","A","oz"
"HA0003","Au","E","oz"
"HA0006","Au","A","oz"
"HA0012","Au","D","oz"
"HA0019","Au","A","oz"
"HA0020","Au","D","oz"
"HA0021","Au","A","oz"
"HA0022","Au","C","oz"
"HA0023","Au","A","oz"
"HA0024","Au","A","oz"
"HA0025","Au","A","oz"
"HA0026","Au","B","oz"
"HA0027","Au","A","oz"
"HA0029","Au","A","oz"
"HA0033","Au","A","oz"
"HA0034","Au","A","oz"
"HA0035","Au","A","oz"
"HA0036","Au","A","oz"
"HA0037","Au","C","oz"
"HA0038","Au","D","oz"
"HA0039","Au","B","oz"
"HA0040","Au","C","oz"
"HA0042","Au","A","oz"
"HA0043","Au","D","oz"
"HA0044","Au","A","oz"
"HA0045","Au","A","oz"
"HA0046","Au","A","oz"
"HA0048","Au","A","oz"
"HA0049","Au","A","oz"
"HA0051","Au","A","oz"
"HA0053","Au","A","oz"
"HA0054","Au","A","oz"
"HA0055","Au","C","oz"
"HA0056","Au","C","oz"
"HA0057","Au","C","oz"
"HA0058","Au","B","oz"
"HA0062","Au","I","oz"
"HA0069","Au","F","oz"
"HA0070","Au","B","oz"
"HA0072","Au","A","oz"
"HA0075","Au","G","oz"
"HA0078","Au","C","oz"
"HA0079","Au","A","oz"
"HA0081","Au","A","oz"
"HA0085","Au","A","oz"
"HA0089","Au","C","oz"
"HA0091","Au","C","oz"
"HA0099","Au","C","oz"
"HA0100","Au","A","oz"
"HA0101","Au","A","oz"
"HA0102","Au","A","oz"
"HA0104","Au","B","oz"
"HA0105","Au","B","oz"
"HA0106","Au","A","oz"
"HA0107","Au","A","oz"
"HA0108","Au","B","oz"
"HA0110","Au","B","oz"
"HA0115","Au","A","oz"
"HA0116","Au","A","oz"
"HA0117","Au","A","oz"
"HA0118","Au","C","oz"
"HA0119","Au","B","oz"
"HA0121","Au","C","oz"
"HA0122","Au","A","oz"
"HA0124","Au","B","oz"
"HA0127","Au","B","oz"
"HA0128","Au","D","oz"
"HA0129","Au","C","oz"
"HA0133","Au","A","oz"
"HA0136","Au","C","oz"
"HA0137","Au","A","oz"
"HA0144","Au","A","oz"
"HA0150","Au","A","oz"
"HA0185","Ag","B","oz"
"HA0210","Au","A","oz"
"HA0215","Au","A","oz"
"HA0231","Ag","C","oz"
"HA0235","Ag","C","oz"
"HA0244","Ag","D","oz"
"HA0247","Ag","B","oz"
"HA0253","Ag","D","oz"
"HA0255","Au","A","oz"
"HA0258","Ag","A","oz"
"HA0259","Au","A","oz"
"HA0260","Au","A","oz"
"HA0267","Ag","D","oz"
"HA0268","Ag","D","oz"
"HA0275","Au","A","oz"
"HA0276","Au","E","oz"
"HA0278","Zn","G","lbs"
"HA0281","Au","A","oz"
"HA0282","Au","A","oz"
"HA0285","Au","E","oz"
"HA0294","Au","G","oz"
"HA0301","Au","H","oz"
"HA0302","Ag","D","oz"
"HA0305","Au","A","oz"
"HA0306","Au","A","oz"
"HA0309","Au","A","oz"
"HA0310","Au","A","oz"
"HA0311","Au","A","oz"
"HA0313","Au","A","oz"
"HA0314","Ag","C","oz"
"HA0315","Ag","F","oz"
"HA0319","Ag","C","oz"
"HA0320","Au","A","oz"
"HA0322","Au","A","oz"
"HA0323","Au","A","oz"
"HA0325","Au","C","oz"
"HA0326","Au","C","oz"
"HA1285","Ag","G","oz"
"HA0327","Au","A","oz"
"HA0329","Au","C","oz"
"HA0333","Au","C","oz"
"HA0334","Au","A","oz"
"HA0335","Au","A","oz"
"HA0336","Au","A","oz"
"HA0338","Au","A","oz"
"HA0340","Au","C","oz"
"HA0341","Au","A","oz"
"HA0346","Au","A","oz"
"HA0348","Au","A","oz"
"HA0350","Ag","B","oz"
"HA0354","Au","E","oz"
"HA0359","Au","A","oz"
"HA0360","Au","A","oz"
"HA0363","Au","B","oz"
"HA0364","Au","A","oz"
"HA0367","Au","C","oz"
"HA0369","Au","A","oz"
"HA0370","Au","A","oz"
"HA0372","Au","A","oz"
"HA0373","Au","C","oz"
"HA0374","Ag","D","oz"
"HA0375","Au","A","oz"
"HA0378","Au","C","oz"
"HA0383","Au","C","oz"
"HA0386","Ag","C","oz"
"HA0390","Ag","C","oz"
"HA0395","Au","A","oz"
"HA0397","Au","C","oz"
"HA0400","Au","A","oz"
"HA0401","Au","A","oz"
"HA0402","Au","A","oz"
"HA0403","Au","E","oz"
"HA0404","Au","B","oz"
"HA0407","Au","A","oz"
"HA0408","Au","A","oz"
"HA0409","Au","A","oz"
"HA0411","Au","A","oz"
"HA0415","Au","A","oz"
"HA0416","Au","A","oz"
"HA0417","Au","A","oz"
"HA0418","Au","A","oz"
"HA0419","Au","A","oz"
"HA0420","Au","A","oz"
"HA0422","Au","A","oz"
"HA0423","Au","D","oz"
"HA0425","Ag","B","oz"
"HA0426","Au","B","oz"
"HA0437","Au","D","oz"
"HA0438","Au","B","oz"
"HA0440","Au","A","oz"
"HA0442","Au","A","oz"
"HA0444","Au","B","oz"
"HA0445","Au","C","oz"
"HA0447","Au","A","oz"
"HA0448","Au","I","oz"
"HA0449","Au","C","oz"
"HA0451","Au","F","oz"
"HA0452","Au","A","oz"
"HA0453","Au","A","oz"
"HA0455","Au","A","oz"
"HA0456","Au","A","oz"
"HA0457","Au","C","oz"
"HA0459","Au","F","oz"
"HA0460","Au","F","oz"
"HA0461","Au","A","oz"
"HA0462","Au","D","oz"
"HA0463","Au","C","oz"
"HA0464","Au","A","oz"
"HA0465","Au","A","oz"
"HA0466","Au","B","oz"
"HA0472","Au","A","oz"
"HA0473","Au","D","oz"
"HA0474","Au","D","oz"
"HA0475","Au","A","oz"
"HA0476","Au","A","oz"
"HA0478","Au","A","oz"
"HA0479","Au","A","oz"
"HA0480","Au","A","oz"
"HA0481","Au","A","oz"
"HA0483","Au","A","oz"
"HA0485","Au","C","oz"
"HA0486","Au","A","oz"
"HA0487","Au","A","oz"
"HA0488","Au","D","oz"
"HA0489","Au","F","oz"
"HA0490","Au","H","oz"
"HA0493","Au","A","oz"
"HA0494","Au","A","oz"
"HA0495","Au","A","oz"
"HA0496","Au","C","oz"
"HA0497","Au","C","oz"
"HA0498","Au","A","oz"
"HA0499","Au","A","oz"
"HA0500","Au","C","oz"
"HA0502","Au","C","oz"
"HA0503","Au","C","oz"
"HA0504","Au","A","oz"
"HA0505","Au","A","oz"
"HA0506","Au","A","oz"
"HA0507","Au","E","oz"
"HA0510","Au","A","oz"
"HA0512","Au","C","oz"
"HA0513","Au","A","oz"
"HA0516","Au","E","oz"
"HA0518","Au","A","oz"
"HA0522","Au","A","oz"
"HA0523","Au","A","oz"
"HA0524","Au","A","oz"
"HA1281","Au","G","oz"
"HA0526","Au","C","oz"
"HA0527","Au","A","oz"
"HA0528","Au","C","oz"
"HA0529","Au","C","oz"
"HA0530","Au","A","oz"
"HA0531","Au","A","oz"
"HA0532","Au","C","oz"
"HA0533","Au","B","oz"
"HA0534","Au","C","oz"
"HA0535","Au","A","oz"
"HA0536","Au","A","oz"
"HA0537","Au","A","oz"
"HA0538","Au","A","oz"
"HA0539","Au","I","oz"
"HA0542","Au","A","oz"
"HA0543","Au","A","oz"
"HA0545","Au","C","oz"
"HA0547","Au","C","oz"
"HA0548","Au","C","oz"
"HA0550","Au","C","oz"
"HA0555","Au","A","oz"
"HA0556","Au","A","oz"
"HA0557","Au","A","oz"
"HA0558","Au","A","oz"
"HA0559","Au","A","oz"
"HA0560","Au","E","oz"
"HA0564","Au","A","oz"
"HA0565","Au","A","oz"
"HA0566","Au","A","oz"
"HA0567","Au","A","oz"
"HA0569","Au","A","oz"
"HA0570","Au","A","oz"
"HA0571","Au","C","oz"
"HA0572","Au","E","oz"
"HA0573","Au","D","oz"
"HA0574","Au","A","oz"
"HA0575","Au","A","oz"
"HA0576","Au","A","oz"
"HA0577","Au","A","oz"
"HA0578","Au","A","oz"
"HA0579","Au","A","oz"
"HA0580","Au","A","oz"
"HA0581","Au","A","oz"
"HA0584","Au","A","oz"
"HA0586","Au","A","oz"
"HA0588","Au","A","oz"
"HA0591","Au","A","oz"
"HA0592","Au","A","oz"
"HA0595","Au","A","oz"
"HA0596","Au","A","oz"
"HA0597","Au","D","oz"
"HA0599","Au","A","oz"
"HA0600","Au","A","oz"
"HA0602","Au","A","oz"
"HA0603","Au","A","oz"
"HA0604","Au","A","oz"
"HA0610","Au","A","oz"
"HA0612","Au","A","oz"
"HA0616","Au","B","oz"
"HA0617","Au","A","oz"
"HA0618","Au","A","oz"
"HA0619","Au","C","oz"
"HA0620","Au","C","oz"
"HA0622","Au","A","oz"
"HA0623","Au","A","oz"
"HA0625","Au","A","oz"
"HA0626","Au","A","oz"
"HA0627","Au","A","oz"
"HA0630","Au","A","oz"
"HA0631","Au","A","oz"
"HA0632","Au","A","oz"
"HA0635","Au","A","oz"
"HA0636","Au","G","oz"
"HA0637","Au","E","oz"
"HA0638","Au","A","oz"
"HA0639","Au","A","oz"
"HA0640","Au","E","oz"
"HA0641","Au","B","oz"
"HA0642","Au","A","oz"
"HA0651","Au","A","oz"
"HA0659","Au","A","oz"
"HA0661","Au","B","oz"
"HA0662","Au","A","oz"
"HA0664","Au","A","oz"
"HA0672","Au","A","oz"
"HA0674","Au","E","oz"
"HA0679","Au","C","oz"
"HA0680","Au","A","oz"
"HA0681","Au","A","oz"
"HA0684","Au","C","oz"
"HA0687","Au","C","oz"
"HA0690","Au","A","oz"
"HA0692","Au","A","oz"
"HA0693","Au","A","oz"
"HA0694","Au","A","oz"
"HA0695","Au","A","oz"
"HA0696","Au","A","oz"
"HA0697","Au","B","oz"
"HA0698","Au","A","oz"
"HA0699","Au","C","oz"
"HA0701","Au","C","oz"
"HA0702","Au","B","oz"
"HA0703","Au","A","oz"
"HA0712","Au","G","oz"
"HA0714","Au","A","oz"
"HA0716","Au","A","oz"
"HA0717","Au","A","oz"
"HA0718","Au","A","oz"
"HA0723","Au","A","oz"
"HA0736","Au","A","oz"
"HA0739","Au","A","oz"
"HA0741","Au","A","oz"
"HA0744","Au","A","oz"
"HA0745","Au","A","oz"
"HA0746","Au","A","oz"
"HA0747","Au","G","oz"
"HA0748","Au","A","oz"
"HA0749","Au","B","oz"
"HA0755","Au","A","oz"
"HA0756","Au","C","oz"
"HA0768","Au","A","oz"
"HA0769","Au","A","oz"
"HA0773","Au","A","oz"
"HA0774","Au","A","oz"
"HA0781","Au","A","oz"
"HA0805","Au","A","oz"
"HA0828","Ag","B","oz"
"HA0843","Au","A","oz"
"HA0846","Au","A","oz"
"HA0848","Au","A","oz"
"HA0851","Au","B","oz"
"HA0868","Au","D","oz"
"HA0869","Au","A","oz"
"HA0872","Au","B","oz"
"HA0909","Au","A","oz"
"HA0911","Au","B","oz"
"HA0914","Au","B","oz"
"HA0915","Au","E","oz"
"HA0917","Au","A","oz"
"HA0918","Au","E","oz"
"HA0919","Au","A","oz"
"HA0921","Au","B","oz"
"HA0923","Au","A","oz"
"HA0931","Ag","E","oz"
"HA0932","Ag","C","oz"
"HA0933","Ag","C","oz"
"HA0934","Au","A","oz"
"HA0937","Ag","E","oz"
"HA0938","Au","E","oz"
"HA0939","Ag","A","oz"
"HA0942","Au","C","oz"
"HA0947","Au","A","oz"
"HA0948","Au","A","oz"
"HA0954","Au","A","oz"
"HA0955","Au","A","oz"
"HA0957","Au","A","oz"
"HA0958","Au","A","oz"
"HA0959","Ag","C","oz"
"HA0961","Au","A","oz"
"HA0962","Ag","C","oz"
"HA0963","Ag","A","oz"
"HA0964","Au","F","oz"
"HA0965","Au","A","oz"
"HA0967","Au","B","oz"
"HA0968","Au","A","oz"
"HA0969","Au","A","oz"
"HA0971","Ag","A","oz"
"HA0973","Au","A","oz"
"HA0974","Ag","C","oz"
"HA0975","Au","A","oz"
"HA0977","Au","A","oz"
"HA0979","Au","A","oz"
"HA0980","Au","A","oz"
"HA0991","Au","A","oz"
"HA0992","Au","A","oz"
"HA0995","Au","B","oz"
"HA0996","Au","A","oz"
"HA0998","Au","A","oz"
"HA1000","Au","A","oz"
"HA1002","Au","B","oz"
"HA1009","Ag","E","oz"
"HA1018","Au","A","oz"
"HA1023","Au","D","oz"
"HA1025","Au","A","oz"
"HA1283","Ag","C","oz"
"HA1037","Ag","C","oz"
"HA1044","Au","A","oz"
"HA1049","Au","A","oz"
"HA1050","Zn","J","lbs"
"HA1051","Zn","G","lbs"
"HA1054","Au","A","oz"
"HA1056","Au","A","oz"
"HA1060","Au","A","oz"
"HA1061","Au","A","oz"
"HA1062","Au","A","oz"
"HA1068","Au","A","oz"
"HA1069","Au","C","oz"
"HA1071","Au","A","oz"
"HA1074","Au","A","oz"
"HA1075","Au","A","oz"
"HA1076","Au","A","oz"
"HA1077","Au","A","oz"
"HA1083","Au","B","oz"
"HA1099","Au","A","oz"
"HA1103","Ag","B","oz"
"HA1105","Ag","A","oz"
"HA1109","Ag","C","oz"
"HA1110","Au","A","oz"
"HA1111","Ag","C","oz"
"HA1116","Au","A","oz"
"HA1117","Ag","A","oz"
"HA1120","Au","A","oz"
"HA1123","Au","A","oz"
"HA1125","Au","A","oz"
"HA1127","Au","A","oz"
"HA1131","Au","A","oz"
"HA1134","Ag","C","oz"
"HA1136","Au","A","oz"
"HA1137","Au","A","oz"
"HA1138","Au","A","oz"
"HA1139","Ag","E","oz"
"HA1140","Au","A","oz"
"HA1141","Ag","B","oz"
"HA1143","Au","A","oz"
"HA1147","Au","A","oz"
"HA1149","Au","A","oz"
"HA1151","Au","E","oz"
"HA1152","Au","A","oz"
"HA1153","Au","A","oz"
"HA1154","Au","A","oz"
"HA1160","Au","A","oz"
"HA1162","Ag","C","oz"
"HA1163","Ag","A","oz"
"HA1168","Ag","C","oz"
"HA1169","Au","A","oz"
"HA1170","Au","A","oz"
"HA1172","Au","A","oz"
"HA1175","Au","A","oz"
"HA1181","Au","A","oz"
"HA1184","Au","A","oz"
"HA1185","Ag","B","oz"
"HA1187","Au","A","oz"
"HA1189","Au","A","oz"
"HA1191","Au","A","oz"
"HA1194","Au","A","oz"
"HA1196","Ag","E","oz"
"HA1204","Au","A","oz"
"HA1209","Au","C","oz"
"HA1210","Au","A","oz"
"HA1212","Au","A","oz"
"HA1213","Au","A","oz"
"HA1215","Au","A","oz"
"HA1218","Au","E","oz"
"HA1226","Au","C","oz"
"HA1235","Au","E","oz"
"HA1236","Au","A","oz"
"HA1237","Au","A","oz"
"HA1238","Au","D","oz"
"HA1239","Au","A","oz"
"HA1240","Au","A","oz"
"HA1249","Au","A","oz"
"HA1257","Au","A","oz"
"HM0013","Au","A","oz"
"HM0015","Au","C","oz"
"HM0016","Au","A","oz"
"HM0018","Au","A","oz"
"HM0034","Au","E","oz"
"HM0036","Au","A","oz"
"HM0039","Au","A","oz"
"HM0040","Au","A","oz"
"HM0043","Au","D","oz"
"HM0046","Au","A","oz"
"HM0048","Au","C","oz"
"HM0050","Au","A","oz"
"HM0069","Au","A","oz"
"HM0111","Au","A","oz"
"HM0118","Au","C","oz"
"HM0120","Au","A","oz"
"HM0122","Au","B","oz"
"HM0124","Au","E","oz"
"HM0125","Au","C","oz"
"HM0127","Au","A","oz"
"HM0128","Au","A","oz"
"HM0132","Au","A","oz"
"HM0134","Au","A","oz"
"HM0135","Au","A","oz"
"HM0137","Au","A","oz"
"HM0139","Au","A","oz"
"HM0141","Au","A","oz"
"HM0144","Au","F","oz"
"HM0145","Au","E","oz"
"HM0146","Au","A","oz"
"HM0147","Au","A","oz"
"HM0148","Au","A","oz"
"HM0149","Au","A","oz"
"HM0150","Au","D","oz"
"HM0153","Au","C","oz"
"HM0260","Au","D","oz"
"HM0261","Au","A","oz"
"HM0262","Au","A","oz"
"HM0082","Au","C","oz"
"HM0156","Au","C","oz"
"HM0157","Au","C","oz"
"HM0159","Au","A","oz"
"HM0160","Au","C","oz"
"HM0161","Au","B","oz"
"HM0162","Au","A","oz"
"HM0163","Au","A","oz"
"HM0164","Au","F","oz"
"HM0165","Au","B","oz"
"HM0166","Au","F","oz"
"HM0167","Au","A","oz"
"HM0169","Au","E","oz"
"HM0170","Au","A","oz"
"HM0171","Au","D","oz"
"HM0172","Au","B","oz"
"HM0173","Au","A","oz"
"HM0175","Au","A","oz"
"HM0177","Au","A","oz"
"HM0178","Au","A","oz"
"HM0179","Au","A","oz"
"HM0180","Au","C","oz"
"HM0181","Au","B","oz"
"HM0195","Au","A","oz"
"HM0197","Au","A","oz"
"HM0198","Au","A","oz"
"HM0199","Au","A","oz"
"HM0200","Au","A","oz"
"HM0201","Au","A","oz"
"HM0206","Au","B","oz"
"HM0217","Au","A","oz"
"HM0223","Au","A","oz"
"HM0225","Au","A","oz"
"HM0226","Au","A","oz"
"HM0227","Au","A","oz"
"HM0232","Au","A","oz"
"HM0233","Au","A","oz"
"HM0234","Au","A","oz"
"HM0237","Ag","A","oz"
"HM0238","Au","A","oz"
"HM0241","Au","A","oz"
"HM0242","Au","A","oz"
"HM0248","Au","A","oz"
"IF0009","Au","A","oz"
"IF0012","Au","A","oz"
"IF0013","Au","A","oz"
"IF0016","Au","C","oz"
"IF0017","Au","A","oz"
"IF0018","Au","A","oz"
"IF0019","Au","G","oz"
"IF0020","Au","G","oz"
"IF0023","Au","C","oz"
"IF0024","Ag","C","oz"
"IF0027","Au","A","oz"
"IF0036","Au","A","oz"
"IF0041","Ag","A","oz"
"IF0043","Au","A","oz"
"IF0047","Au","C","oz"
"IF0058","Ag","A","oz"
"IF0059","Ag","C","oz"
"IF0075","Ag","A","oz"
"IF0078","Ag","A","oz"
"IF0086","Au","A","oz"
"IF0089","Ag","C","oz"
"IF0092","Au","A","oz"
"IF0096","Ag","C","oz"
"IF0097","Ag","E","oz"
"IF0098","Au","A","oz"
"IF0108","Au","A","oz"
"IF0118","Au","B","oz"
"IF0120","Au","A","oz"
"IF0123","Ag","D","oz"
"IF0124","Au","A","oz"
"IF0126","Au","A","oz"
"IF0129","Au","D","oz"
"IF0135","Au","A","oz"
"IF0139","Ag","B","oz"
"IF0141","Au","C","oz"
"IF0142","Au","A","oz"
"IF0149","Au","A","oz"
"IF0150","Au","B","oz"
"IF0159","Au","B","oz"
"IF0160","Au","A","oz"
"IF0174","Au","A","oz"
"IF0181","Au","A","oz"
"IF0212","Au","A","oz"
"IF0220","Au","C","oz"
"IF0222","Au","D","oz"
"IF0223","Au","C","oz"
"IF0224","Au","A","oz"
"IF0225","Au","B","oz"
"IF0226","Au","A","oz"
"JV0001","Au","G","oz"
"JV0003","Au","A","oz"
"JV0004","Au","A","oz"
"JV0009","Au","C","oz"
"JV0010","Au","A","oz"
"JV0012","Au","E","oz"
"JV0013","Au","C","oz"
"JV0018","Au","A","oz"
"JV0019","Au","A","oz"
"JV0032","Au","A","oz"
"JV0033","Au","C","oz"
"JV0036","Au","B","oz"
"JV0041","Au","A","oz"
"JV0043","Au","A","oz"
"JV0046","Au","D","oz"
"JV0047","Au","E","oz"
"JV0062","Au","A","oz"
"JV0063","Au","B","oz"
"JV0064","Au","C","oz"
"JV0067","Au","A","oz"
"JV0071","Au","B","oz"
"JV0084","Au","A","oz"
"JV0092","Au","A","oz"
"JV0095","Au","A","oz"
"JV0102","Au","B","oz"
"JV0106","Au","E","oz"
"JV0108","Au","C","oz"
"JV0109","Au","C","oz"
"JV0110","Au","A","oz"
"JV0113","Au","A","oz"
"JV0114","Au","A","oz"
"JV0140","Au","E","oz"
"JV0153","Au","A","oz"
"PL0001","Au","C","oz"
"PL0005","Au","A","oz"
"PL0007","Au","B","oz"
"PL0016","Au","A","oz"
"PL0018","Au","A","oz"
"PL0030","Au","A","oz"
"PL0031","Au","A","oz"
"PL0032","Au","F","oz"
"PL0034","Au","A","oz"
"SP0455","Au","A","oz"
"SP0455a","Au","C","oz"
"PL0036","Ag","A","oz"
"PL0037","Ag","D","oz"
"PL0081","Ag","D","oz"
"PL0084","Au","A","oz"
"PL0085","Au","A","oz"
"PL0093","Au","A","oz"
"PL0094","Au","A","oz"
"PL0095","Au","A","oz"
"PL0096","Au","A","oz"
"PL0097","Au","A","oz"
"PL0098","Au","C","oz"
"PL0099","Au","E","oz"
"PL0100","Au","A","oz"
"PL0101","Au","A","oz"
"PL0105","Au","A","oz"
"PL0106","Au","C","oz"
"PL0108","Au","C","oz"
"PL0141","Au","A","oz"
"PL0149","Au","A","oz"
"PL0155","Au","A","oz"
"PL0156","Au","A","oz"
"PL0157","Au","A","oz"
"PL0161","Au","C","oz"
"PL0166","Au","A","oz"
"PL0184","Au","A","oz"
"PL0185","Au","A","oz"
"PL0187","Au","A","oz"
"PL0188","Au","A","oz"
"PL0217","Au","A","oz"
"PL0218","Au","A","oz"
"PL0219","Au","A","oz"
"PL0220","Au","B","oz"
"PL0221","Au","A","oz"
"PO0015","Ag","A","oz"
"PO0016","Au","B","oz"
"PO0027","Au","A","oz"
"PO0028","Au","C","oz"
"PO0029","Au","A","oz"
"PO0032","Au","C","oz"
"PO0048","Ag","B","oz"
"PO0082","Au","B","oz"
"PO0083","Au","A","oz"
"PO0086","Au","C","oz"
"PO0097","Au","E","oz"
"PO0106","Au","E","oz"
"PO0119","Au","D","oz"
"PO0127","Au","D","oz"
"PO0130","Au","C","oz"
"PO0144","Au","C","oz"
"PO0145","Au","A","oz"
"PO0146","Au","A","oz"
"PO0147","Au","C","oz"
"PO0148","Au","A","oz"
"PO0162","Ag","A","oz"
"PO0168","Ag","C","oz"
"PO0169","Au","A","oz"
"PO0175","Au","G","oz"
"PO0176","Au","B","oz"
"PO0189","Ag","B","oz"
"PO0195","Au","A","oz"
"PO0202","Ag","C","oz"
"PO0221","Ag","A","oz"
"PO0254","Pb","C","lbs"
"PR0124","Ag","B","oz"
"PR0150","Au","A","oz"
"PR0168","Ag","B","oz"
"PR0174","Ag","A","oz"
"PR0177","Ag","A","oz"
"PR0193","Au","A","oz"
"PR0197","Ag","A","oz"
"SA0009","Ag","A","oz"
"SA0029","Ag","A","oz"
"SA0046","Ag","B","oz"
"SA0047","Au","A","oz"
"SA0055","Au","E","oz"
"SA0066","Ag","A","oz"
"SA0072","Ag","B","oz"
"SA0078","Ag","C","oz"
"SA0085","Au","A","oz"
"SA0118","Au","A","oz"
"SA0146","Au","A","oz"
"SA0172","Au","A","oz"
"SA0184","Ag","C","oz"
"SA0192","Ag","A","oz"
"SA0194","Au","C","oz"
"SA0205","Ag","A","oz"
"SA0212","Au","A","oz"
"SA0213","Ag","A","oz"
"SA0214","Ag","A","oz"
"SA0216","Au","A","oz"
"SA0218","Au","A","oz"
"SA0222","Ag","C","oz"
"SA0223","Au","A","oz"
"SA0224","Ag","C","oz"
"SA0225","Au","C","oz"
"SA0226","Au","A","oz"
"SA0227","Ag","C","oz"
"SA0232","Ag","C","oz"
"SA0234","Ag","C","oz"
"SA0239","Ag","B","oz"
"SA0240","Ag","C","oz"
"SA0259","Au","A","oz"
"SA0260","Au","A","oz"
"SA0261","Au","A","oz"
"SA0262","Ag","C","oz"
"SA0266","Au","A","oz"
"SA0267","Au","F","oz"
"SA0269","Au","A","oz"
"SA0271","Au","A","oz"
"SA0274","Au","A","oz"
"SA0277","Au","A","oz"
"SA0286","Au","A","oz"
"SA0296","Au","A","oz"
"SA0299","Au","A","oz"
"SP0004","Ag","C","oz"
"SP0005","Au","A","oz"
"SP0006","Ag","A","oz"
"SP0009","Au","A","oz"
"SP0013","Ag","E","oz"
"SP0016","Au","A","oz"
"SP0018","Au","C","oz"
"SP0019","Au","C","oz"
"SP0021","Au","C","oz"
"SP0024","Au","A","oz"
"SP0025","Au","E","oz"
"SP0027","Ag","C","oz"
"SP0045","Ag","D","oz"
"SP0054","Au","E","oz"
"SP0067","Ag","C","oz"
"SP0092","Ag","C","oz"
"SP0099","Ag","A","oz"
"SP0119","Au","A","oz"
"SP0130","Ag","J","oz"
"SP0145","Au","G","oz"
"SP0148","Au","E","oz"
"SP0158","Au","C","oz"
"SP0159","Ag","J","oz"
"SP0164","Au","F","oz"
"SP0165","Au","A","oz"
"SP0166","Au","C","oz"
"SP0167","Au","C","oz"
"SP0170","Ag","F","oz"
"SP0186","Au","B","oz"
"SP0193","Au","C","oz"
"SP0200","Au","C","oz"
"SP0202","Au","A","oz"
"SP0203","Au","A","oz"
"SP0210","Ag","G","oz"
"SP0219","Au","C","oz"
"SP0223","Au","D","oz"
"SP0224","Au","A","oz"
"SP0228","Au","F","oz"
"SP0229","Au","D","oz"
"SP0230","Au","E","oz"
"SP0231","Au","A","oz"
"SP0235","Au","E","oz"
"SP0236","Au","E","oz"
"SP0237","Au","C","oz"
"SP0242","Au","D","oz"
"SP0257","Ag","E","oz"
"SP0259","Au","A","oz"
"SP0260","Au","A","oz"
"SP0264","Au","E","oz"
"SP0267","Au","C","oz"
"SP0275","Au","D","oz"
"SP0282","Au","E","oz"
"SP0283","Au","A","oz"
"SP0301","Au","C","oz"
"SP0307","Au","E","oz"
"SP0365","Au","A","oz"
"SP0366","Au","A","oz"
"SP0370","Au","E","oz"
"SP0371","Au","A","oz"
"SP0374","Au","A","oz"
"SP0377","Au","A","oz"
"SP0379","Au","A","oz"
"SP0385","Au","A","oz"
"SP0391","Au","E","oz"
"SP0392","Au","A","oz"
"TF0007","Au","A","oz"
"TF0008","Au","A","oz"
"TF0029","Au","E","oz"
"TF0032","Au","A","oz"
"TF0036","Au","A","oz"
"TF0038","Au","D","oz"
"TF0040","Au","A","oz"
"TF0043","Au","A","oz"
"TF0048","Au","A","oz"
"TF0049","Au","A","oz"
"TF0053","Au","A","oz"
"TF0056","Au","B","oz"
"TF0059","Au","A","oz"
"TF0060","Au","A","oz"
"TF0061","Au","A","oz"
"TF0062","Au","A","oz"
"TF0071","Au","A","oz"
"TF0072","Au","C","oz"
"TF0075","Au","C","oz"
"TF0076","Au","A","oz"
"TF0077","Au","A","oz"
"TF0078","Au","A","oz"
"TF0079","Au","B","oz"
"TF0081","Au","B","oz"
"TF0082","Au","A","oz"
"TF0085","Au","A","oz"
"TF0086","Au","A","oz"
"TF0087","Au","A","oz"
"TF0088","Au","A","oz"
"WL0004","Au","A","oz"
"WL0014","Au","A","oz"
"WL0026","Au","A","oz"
"WL0028","Au","C","oz"
"WL0032","Au","A","oz"
"WL0033","Au","A","oz"
"WL0036","Au","E","oz"
"WL0043","Au","B","oz"
"WL0044","Au","A","oz"
"WL0045","Au","C","oz"
"WL0046","Au","A","oz"
"WL0051","Ag","A","oz"
"WL0053","Au","D","oz"
"WL0054","Au","A","oz"
"WL0055","Au","A","oz"
"WL0056","Au","A","oz"
"WL0057","Au","C","oz"
"WL0059","Au","A","oz"
"WL0066","Au","C","oz"
"WL0068","Au","C","oz"
"WL0069","Au","A","oz"
"WL0075","Au","G","oz"
"WL0077","Au","A","oz"
"WL0085","Au","A","oz"
"WL0087","Au","C","oz"
"WL0089","Au","B","oz"
"WL0092","Au","A","oz"
"WL0095","Au","C","oz"
"WL0096","Au","C","oz"
"WL0101","Au","C","oz"
"WL0105","Au","E","oz"
"WL0109","Au","E","oz"
"WL0110","Au","B","oz"
"WL0113","Au","A","oz"
"WL0114","Au","A","oz"
"WL0116","Au","D","oz"
"WL0121","Au","D","oz"
"WL0125","Au","C","oz"
"WL0128","Au","A","oz"
"WL0137","Au","A","oz"
"WL0148","Au","A","oz"
"WL0154","Au","A","oz"
"WL0156","Au","B","oz"
"WL0161","Au","D","oz"
"WL0163","Au","A","oz"
"WL0166","Au","C","oz"
"WL0186","Ag","H","oz"
"WL0191","Au","C","oz"
"WL0198","Au","F","oz"
"WL0218","Au","C","oz"
"WL0235","Au","A","oz"
"WL0241","Au","C","oz"
"WL0247","Au","E","oz"
"WL0254","Au","E","oz"
"WL0260","Au","A","oz"
"WL0276","Au","C","oz"
"WL0279","Au","F","oz"
"WL0299","Au","E","oz"
"WL0300","Au","A","oz"
"WL0309","Au","F","oz"
"WL0313","Ag","I","oz"
"WL0328","Au","D","oz"
"WL0332","Au","A","oz"
"WL0346","Au","C","oz"
"WL0350","Ag","I","oz"
"WL0354","Au","G","oz"
"WL0362","Au","C","oz"
"WL0366","Au","F","oz"
"WL0367","Au","C","oz"
"WL0375","Au","A","oz"
"WL0383","Au","A","oz"
"WL0390","Au","D","oz"
"WL0396","Au","E","oz"
"WL0397","Au","G","oz"
"WL0408","Au","A","oz"
"WL0416","Au","A","oz"
"WL0421","Au","G","oz"
"WL0446","Au","A","oz"
"WL0460","Ag","A","oz"
"WL0504","Au","E","oz"
"WL0507","Au","A","oz"
"WL0545","Au","A","oz"
"WL0546","Au","A","oz"
"WL0553","Au","A","oz"
"SA0017","Au","C","oz"
"BA0015","Ag","B","oz"
"BA0017","Ag","D","oz"
"BA0018","Ag","A","oz"
"BA0032","Ag","B","oz"
"BA0039","Ag","A","oz"
"BA0042","Ag","A","oz"
"BA0044","Ag","A","oz"
"BA0045","Ag","A","oz"
"BA0053","Ag","I","oz"
"BA0055","Cu","G","lbs"
"BA0059","Ag","A","oz"
"BA0061","Ag","E","oz"
"BA0062","Ag","I","oz"
"BA0089","Ag","D","oz"
"BA0105","Ag","A","oz"
"BA0106","Ag","A","oz"
"BA0125","Cu","A","lbs"
"BA0148","Ag","A","oz"
"BA0158","Ag","A","oz"
"BA0195","Cu","C","lbs"
"BA0196","Cu","B","lbs"
"BA0198","Ag","F","oz"
"BO0002","Ag","D","oz"
"BO0006","Ag","A","oz"
"BO0007","Ag","C","oz"
"BO0012","Ag","A","oz"
"BO0015","Ag","A","oz"
"BO0019","Ag","E","oz"
"BO0023","Ag","B","oz"
"BO0033","Ag","A","oz"
"BO0034","Ag","C","oz"
"BO0036","Ag","C","oz"
"BO0047","Ag","E","oz"
"BO0049","Ag","A","oz"
"BO0050","Ag","G","oz"
"BO0051","Ag","C","oz"
"BO0053","Ag","E","oz"
"BO0055","Ag","E","oz"
"BO0056","Ag","F","oz"
"BO0057","Ag","F","oz"
"BO0059","Ag","G","oz"
"BO0060","Ag","D","oz"
"BO0065","Ag","C","oz"
"BO0066","Ag","A","oz"
"BO0069","Ag","G","oz"
"BO0071","Ag","A","oz"
"BO0074","Ag","I","oz"
"BO0080","Ag","H","oz"
"BO0084","Ag","B","oz"
"BO0085","Ag","G","oz"
"BO0086","Ag","D","oz"
"BO0090","Ag","E","oz"
"BO0091","Ag","A","oz"
"BO0099","Ag","E","oz"
"BO0100","Ag","O","oz"
"BO0115","Ag","E","oz"
"BO0116","Ag","G","oz"
"BO0118","Ag","B","oz"
"BO0123","Ag","A","oz"
"BO0133","Ag","E","oz"
"BO0135","Ag","F","oz"
"BO0139","Ag","E","oz"
"BO0140","Ag","C","oz"
"BO0141","Ag","F","oz"
"BO0144","Ag","A","oz"
"BO0145","Ag","A","oz"
"BO0148","Ag","A","oz"
"BO0149","Ag","D","oz"
"BO0150","Ag","A","oz"
"BO0152","Ag","E","oz"
"BO0153","Ag","L","oz"
"BO0156","Ag","C","oz"
"BO0157","Ag","G","oz"
"BO0158","Ag","F","oz"
"BO0159","Ag","A","oz"
"BO0162","Ag","G","oz"
"BO0166","Ag","A","oz"
"BO0168","Ag","C","oz"
"BO0170","Ag","E","oz"
"BO0173","Ag","C","oz"
"BO0176","Ag","D","oz"
"BO0177","Ag","E","oz"
"BO0181","Ag","G","oz"
"BO0184","Ag","D","oz"
"BO0185","Ag","C","oz"
"BO0186","Ag","B","oz"
"BO0187","Ag","C","oz"
"BO0190","Ag","E","oz"
"BO0193","Ag","D","oz"
"BO0195","Ag","E","oz"
"BO0197","Ag","B","oz"
"BO0201","Ag","A","oz"
"BO0203","Ag","F","oz"
"BO0205","Ag","C","oz"
"BO0210","Ag","G","oz"
"BO0211","Ag","A","oz"
"BO0213","Ag","D","oz"
"BO0214","Ag","B","oz"
"BO0215","Ag","A","oz"
"BO0220","Ag","B","oz"
"BO0225","Ag","A","oz"
"BO0227","Ag","A","oz"
"BO0234","Ag","A","oz"
"BO0236","Ag","A","oz"
"BO0243","Ag","B","oz"
"BO0255","Ag","A","oz"
"BO0260","Ag","C","oz"
"BO0263","Ag","G","oz"
"BO0264","Ag","G","oz"
"BO0296","Ag","A","oz"
"BO0302","Ag","C","oz"
"BO0304","Ag","C","oz"
"BO0315","Ag","C","oz"
"BO0316","Ag","C","oz"
"BO0320","Ag","A","oz"
"BO0323","Ag","A","oz"
"BO0324","Ag","A","oz"
"BO0327","Ag","A","oz"
"BO0329","Ag","C","oz"
"BO0331","Ag","A","oz"
"BO0334","Ag","A","oz"
"BO0335","Ag","A","oz"
"BO0336","Ag","B","oz"
"BO0343","Ag","B","oz"
"BO0344","Ag","B","oz"
"BO0345","Ag","A","oz"
"BO0346","Ag","A","oz"
"BO0347","Ag","A","oz"
"BO0348","Ag","A","oz"
"BO0350","Ag","A","oz"
"BO0381","Ag","A","oz"
"BO0383","Ag","A","oz"
"BO0398","Ag","A","oz"
"BO0404","Ag","A","oz"
"BO0408","Ag","C","oz"
"BO0409","Ag","B","oz"
"BO0410","Ag","F","oz"
"BO0423","Ag","D","oz"
"BO0437","Ag","B","oz"
"BO0439","Ag","A","oz"
"BO0456","Ag","A","oz"
"BO0458","Ag","A","oz"
"BO0464","Ag","A","oz"
"CH0028","Ag","A","oz"
"CH0041","Ag","B","oz"
"CH0050","Ag","F","oz"
"CH0069","Ag","E","oz"
"CH0087","Ag","E","oz"
"CH0088","Ag","A","oz"
"CH0093","Ag","E","oz"
"CH0097","Ag","D","oz"
"CH0100","Ag","C","oz"
"CH0103","Ag","C","oz"
"CH0106","Ag","A","oz"
"CH0107","Ag","D","oz"
"CH0110","Ag","C","oz"
"CH0111","Ag","A","oz"
"CH0122","Ag","C","oz"
"CH0126","Ag","E","oz"
"CH0127","Ag","J","oz"
"CH0133","Ag","I","oz"
"CH0141","Ag","A","oz"
"CH0173","Ag","C","oz"
"CH0190","Ag","G","oz"
"CH0195","Pb","D","lbs"
"CH0198","Ag","F","oz"
"CH0199","Ag","F","oz"
"CH0200","Ag","E","oz"
"CH0209","Ag","E","oz"
"CH0213","Ag","E","oz"
"CH0236","Ag","A","oz"
"CH0243","Ag","A","oz"
"CH0244","Pb","E","lbs"
"CH0249","Pb","E","lbs"
"CH0251","Ag","H","oz"
"CH0269","Ag","C","oz"
"CH0280","Ag","G","oz"
"CH0288","Pb","F","lbs"
"CH0289","Ag","C","oz"
"CH0290","Pb","C","lbs"
"CH0342","Ag","D","oz"
"CH0346","Ag","F","oz"
"CH0348","Ag","F","oz"
"CH0349","Ag","E","oz"
"CH0350","Ag","G","oz"
"CH0351","Ag","A","oz"
"CH0352","Ag","G","oz"
"CH0354","Cu","E","lbs"
"CH0358","Ag","E","oz"
"CH0362","Ag","D","oz"
"CH0363","Ag","G","oz"
"CH0368","Ag","F","oz"
"CH0369","Ag","K","oz"
"CH0375","Ag","E","oz"
"CH0376","Ag","F","oz"
"CH0377","Ag","I","oz"
"CH0378","Ag","F","oz"
"CH0379","Pb","G","lbs"
"CH0384","Ag","G","oz"
"CH0385","Ag","H","oz"
"CH0386","Ag","D","oz"
"CH0390","Ag","G","oz"
"CH0391","Pb","F","lbs"
"CH0396","Ag","G","oz"
"CH0398","Ag","B","oz"
"CH0400","Ag","C","oz"
"CH0402","Ag","C","oz"
"CH0403","Ag","E","oz"
"CH0407","Ag","D","oz"
"CH0411","Ag","A","oz"
"CH0412","Ag","A","oz"
"CH0417","Cu","E","lbs"
"CH0419","Ag","E","oz"
"CH0420","Ag","C","oz"
"CH0421","Ag","C","oz"
"CH0422","Ag","A","oz"
"CH0423","Ag","E","oz"
"CH0430","Ag","I","oz"
"CH0431","Ag","F","oz"
"CH0433","Ag","B","oz"
"CH0434","Ag","E","oz"
"CH0436","Ag","D","oz"
"CH0438","Ag","D","oz"
"CH0449","Ag","B","oz"
"CH0453","Ag","A","oz"
"CH0457","Ag","C","oz"
"CH0462","Ag","C","oz"
"CH0463","Ag","E","oz"
"CH0465","Ag","A","oz"
"CH0466","Ag","D","oz"
"CH0475","Ag","A","oz"
"CH0476","Ag","C","oz"
"CH0492","Ag","A","oz"
"CH0494","Ag","A","oz"
"CH0495","Ag","A","oz"
"CH0501","Ag","C","oz"
"CH0503","Ag","A","oz"
"CH0531","Ag","E","oz"
"CH0538","Ag","E","oz"
"CH0539","Ag","D","oz"
"CH0544","Ag","E","oz"
"CH0545","Ag","D","oz"
"CH0546","Ag","A","oz"
"CH0547","Ag","D","oz"
"CH0548","Ag","F","oz"
"CH0549","Ag","A","oz"
"CH0553","Ag","C","oz"
"CH0555","Ag","A","oz"
"CH0556","Ag","B","oz"
"CH0557","Cu","C","lbs"
"CH0558","Ag","E","oz"
"CH0559","Ag","C","oz"
"CH0560","Ag","D","oz"
"CH0562","Ag","G","oz"
"CH0563","Ag","G","oz"
"CH0564","Ag","E","oz"
"CH0568","Ag","C","oz"
"CH0570","Ag","G","oz"
"CH0571","Ag","G","oz"
"CH0574","Ag","I","oz"
"CH0576","Ag","A","oz"
"CH0579","Cu","C","lbs"
"CH1279","Ag","C","oz"
"CH0589","Ag","C","oz"
"CH0592","Ag","F","oz"
"CH0595","Pb","G","lbs"
"CH0626","Ag","A","oz"
"CH0654","Pb","C","lbs"
"CH0664","Ag","G","oz"
"CH0670","Ag","D","oz"
"CH0671","Ag","J","oz"
"CH0683","Ag","B","oz"
"CH0684","Ag","A","oz"
"CH0686","Ag","E","oz"
"CH0693","Ag","B","oz"
"CH0703","Ag","A","oz"
"CH0704","Ag","A","oz"
"CH0705","Ag","A","oz"
"CH0714","Ag","C","oz"
"CH0718","Ag","D","oz"
"CH0721","Ag","A","oz"
"CH0722","Ag","A","oz"
"CH0724","Ag","A","oz"
"CH0727","Ag","B","oz"
"CH0730","Ag","A","oz"
"CH0731","Ag","C","oz"
"CH0732","Ag","C","oz"
"CH0733","Ag","E","oz"
"CH0734","Ag","D","oz"
"CH0738","Ag","A","oz"
"CH0744","Ag","A","oz"
"CH0745","Ag","B","oz"
"CH0746","Ag","B","oz"
"CH0747","Ag","D","oz"
"CH0748","Ag","A","oz"
"CH0752","Ag","G","oz"
"CH0753","Ag","A","oz"
"CH0755","Ag","A","oz"
"CH0783","Ag","A","oz"
"CH0790","Ag","A","oz"
"CH0836","Ag","A","oz"
"CH0900","Pb","E","lbs"
"CH0902","Ag","A","oz"
"CH0930","Ag","C","oz"
"CH0934","Ag","E","oz"
"CH0958","Ag","C","oz"
"CH0960","Cu","B","lbs"
"CH0977","Ag","A","oz"
"CH0979","Ag","C","oz"
"CH0980","Ag","D","oz"
"CH0981","Ag","E","oz"
"CH1021","Ag","A","oz"
"CH1042","Ag","G","oz"
"CH1046","Ag","B","oz"
"CH1054","Ag","A","oz"
"CH1074","Ag","B","oz"
"CH1075","Ag","A","oz"
"CH1076","Ag","A","oz"
"CH1092","Ag","G","oz"
"CH1098","Ag","A","oz"
"CH1099","Ag","B","oz"
"CH1139","Ag","F","oz"
"CH1142","Ag","C","oz"
"CH1144","Ag","C","oz"
"CH1146","Ag","C","oz"
"CH1149","Ag","F","oz"
"CH1161","Ag","A","oz"
"CH1170","Pb","D","lbs"
"CH1171","Pb","E","lbs"
"CH1173","Cu","A","lbs"
"CH1178","Cu","A","lbs"
"CH1190","Ag","F","oz"
"CH1194","Ag","E","oz"
"CH1201","Cu","B","lbs"
"CH1202","Cu","E","lbs"
"CH1203","Pb","G","lbs"
"CH1205","Pb","G","lbs"
"CH1208","Ag","M","oz"
"CH1209","Ag","H","oz"
"CH1210","Cu","B","lbs"
"CH1213","Cu","E","lbs"
"CH1218","Cu","C","lbs"
"CH1219","Ag","G","oz"
"CH1232","Ag","J","oz"
"CH1233","Cu","C","lbs"
"CH1236","Ag","H","oz"
"CH1238","Ag","E","oz"
"CH1239","Ag","C","oz"
"CH1249","Cu","D","lbs"
"CH1251","Ag","A","oz"
"CH1253","Ag","A","oz"
"CH1254","Ag","A","oz"
"CH1255","Ag","A","oz"
"CH1272","Ag","I","oz"
"CH1283","Ag","J","oz"
"DI0001","Cu","A","lbs"
"DI0004","Ag","A","oz"
"DI0007","Ag","A","oz"
"DI0019","Ag","A","oz"
"DI0021","Ag","E","oz"
"DI0024","Ag","G","oz"
"DI0025","Ag","E","oz"
"DI0026","Ag","A","oz"
"DI0027","Ag","B","oz"
"DI0028","Ag","A","oz"
"DI0029","Ag","A","oz"
"DI0030","Ag","A","oz"
"DI0031","Ag","E","oz"
"DI0032","Ag","C","oz"
"DI0033","Ag","C","oz"
"DI0038","Ag","A","oz"
"DI0042","Ag","B","oz"
"DI0043","Ag","A","oz"
"DI0045","Ag","A","oz"
"DI0047","Ag","A","oz"
"DI0048","Ag","A","oz"
"DI0049","Ag","A","oz"
"DI0051","Ag","A","oz"
"DI0052","Ag","C","oz"
"DI0058","Ag","A","oz"
"DI0060","Ag","A","oz"
"DI0061","Ag","B","oz"
"DI0067","Ag","C","oz"
"DI0071","Ag","D","oz"
"DI0073","Ag","A","oz"
"DI0074","Ag","A","oz"
"DI0081","Ag","A","oz"
"DI0082","Ag","A","oz"
"DI0085","Ag","A","oz"
"DI0090","Ag","A","oz"
"DI0091","Ag","A","oz"
"DI0092","Ag","A","oz"
"DI0093","Ag","C","oz"
"DI0095","Ag","C","oz"
"DI0096","Ag","A","oz"
"DI0100","Ag","C","oz"
"DI0102","Ag","C","oz"
"DI0106","Ag","A","oz"
"DI0125","Ag","D","oz"
"DI0130","Ag","G","oz"
"DI0131","Ag","C","oz"
"DI0140","Ag","E","oz"
"DI0143","Ag","B","oz"
"DI0144","Ag","A","oz"
"DI0145","Ag","F","oz"
"DI0146","Ag","E","oz"
"DI0154","Ag","A","oz"
"DI0159","Cu","C","lbs"
"DI0160","Ag","C","oz"
"DI0162","Ag","A","oz"
"DI0163","Ag","C","oz"
"DI0165","Ag","E","oz"
"DI0166","Ag","A","oz"
"DI0170","Ag","A","oz"
"DI0171","Ag","D","oz"
"DI0175","Ag","A","oz"
"DI0177","Ag","C","oz"
"DI0178","Ag","E","oz"
"DI0179","Ag","C","oz"
"DI0182","Ag","A","oz"
"DI0183","Ag","C","oz"
"DI0186","Ag","C","oz"
"DI0187","Ag","A","oz"
"DI0189","Ag","A","oz"
"DI0190","Ag","E","oz"
"DI0192","Ag","A","oz"
"DI0193","Ag","A","oz"
"DI0194","Ag","E","oz"
"DI0196","Ag","A","oz"
"DI0198","Ag","B","oz"
"DR0057","Ag","A","oz"
"DR0156","Ag","A","oz"
"DR0165","Ag","A","oz"
"DR0167","Ag","A","oz"
"DR0173","Ag","A","oz"
"DR0175","Au","A","oz"
"DU0006","Ag","A","oz"
"DU0050","Ag","A","oz"
"DU0056","Ag","B","oz"
"DU0064","Ag","G","oz"
"DU0073","Ag","C","oz"
"DU0112","Ag","E","oz"
"DU0162","Pb","D","lbs"
"DU0168","Ag","E","oz"
"DU0169","Ag","F","oz"
"DU0171","Ag","D","oz"
"DU0172","Ag","D","oz"
"DU0173","Ag","I","oz"
"DU0175","Ag","E","oz"
"DU0177","Ag","D","oz"
"DU0180","Ag","C","oz"
"DU0181","Ag","G","oz"
"DU0185","Ag","D","oz"
"DU0186","Ag","D","oz"
"DU0188","Ag","F","oz"
"DU0192","Ag","E","oz"
"DU0194","Ag","A","oz"
"DU0195","Ag","I","oz"
"DU0196","Ag","K","oz"
"DU0197","Ag","J","oz"
"DU0206","Ag","D","oz"
"DU0208","Cu","C","lbs"
"DU0212","Ag","H","oz"
"DU0223","Pb","G","lbs"
"DU0225","Ag","G","oz"
"DU0227","Cu","A","lbs"
"DU0228","Ag","E","oz"
"DU0231","Ag","F","oz"
"DU0234","Cu","C","lbs"
"DU0235","Ag","F","oz"
"DU0238","Ag","E","oz"
"DU0239","Ag","E","oz"
"DU0241","Ag","G","oz"
"DU0244","Ag","D","oz"
"DU0248","Cu","A","lbs"
"DU0254","Pb","D","lbs"
"DU0255","Ag","F","oz"
"DU0257","Ag","C","oz"
"DU0258","Ag","F","oz"
"DU0259","Ag","A","oz"
"DU0267","Ag","C","oz"
"DU0268","Pb","G","lbs"
"DU0296","Cu","E","lbs"
"DU0297","Cu","E","lbs"
"DU0306","Ag","B","oz"
"DU0318","Ag","E","oz"
"DU0321","Cu","D","lbs"
"DU0323","Pb","B","lbs"
"DU0324","Ag","F","oz"
"DU0327","Cu","A","lbs"
"DU0330","Ag","D","oz"
"DU0333","Cu","C","lbs"
"DU0334","Cu","E","lbs"
"DU0336","Ag","F","oz"
"DU0340","Cu","D","lbs"
"DU0341","Ag","E","oz"
"DU0350","Ag","C","oz"
"DU0355","Pb","F","lbs"
"DU0360","Cu","C","lbs"
"DU0363","Ag","E","oz"
"DU0364","Ag","G","oz"
"DU0365","Ag","H","oz"
"DU0384","Cu","G","lbs"
"DU0388","Ag","C","oz"
"DU0399","Ag","J","oz"
"DU0414","Ag","A","oz"
"DU0415","Pb","E","lbs"
"DU0441","Cu","A","lbs"
"DU0444","Ag","C","oz"
"DU0448","Ag","A","oz"
"DU0461","Cu","G","lbs"
"DU0467","Pb","F","lbs"
"DU0469","Ag","E","oz"
"DU0479","Ag","G","oz"
"DU0482","Pb","F","lbs"
"DU0487","Cu","C","lbs"
"DU0490","Ag","F","oz"
"DU0491","Cu","E","lbs"
"DU0497","Ag","E","oz"
"DU0502","Ag","A","oz"
"DU0507","Ag","E","oz"
"DU0521","Ag","F","oz"
"DU0551","Ag","F","oz"
"EC0002","Ag","D","oz"
"EC0003","Ag","A","oz"
"EC0007","Ag","A","oz"
"EC0008","Ag","B","oz"
"EC0009","Ag","A","oz"
"EC0014","Ag","E","oz"
"EC0016","Ag","G","oz"
"EC0017","Ag","C","oz"
"EC0020","Ag","A","oz"
"EC0021","Ag","C","oz"
"EC0022","Ag","E","oz"
"EC0023","Ag","C","oz"
"EC0024","Ag","D","oz"
"EC0028","Ag","A","oz"
"EC0029","Ag","C","oz"
"EC0035","Ag","B","oz"
"EC0036","Ag","A","oz"
"EC1285","Ag","A","oz"
"EC0039","Ag","E","oz"
"EC0040","Ag","A","oz"
"EC0042","Ag","D","oz"
"EC0043","Ag","A","oz"
"EC0044","Ag","A","oz"
"EC0045","Ag","A","oz"
"EC0047","Ag","B","oz"
"EC0051","Ag","E","oz"
"EC0053","Ag","E","oz"
"EC0054","Ag","C","oz"
"EC0058","Ag","A","oz"
"EC0062","Ag","A","oz"
"EC0065","Ag","A","oz"
"EC0066","Ag","C","oz"
"EC0068","Ag","C","oz"
"EC0071","Ag","C","oz"
"EC0072","Ag","A","oz"
"EC0076","Ag","A","oz"
"EC0079","Ag","E","oz"
"EC0081","Ag","B","oz"
"EC0083","Ag","E","oz"
"EC0085","Ag","E","oz"
"EC0091","Ag","A","oz"
"EC0101","Ag","E","oz"
"EC0102","Ag","A","oz"
"EC0107","Ag","C","oz"
"EC0110","Ag","C","oz"
"EC0111","Ag","A","oz"
"EC0115","Ag","E","oz"
"EC0116","Ag","B","oz"
"EC0117","Ag","E","oz"
"EC0125","Ag","E","oz"
"EC0132","Ag","D","oz"
"EC0141","Ag","A","oz"
"EC0146","Ag","A","oz"
"EC0147","Ag","E","oz"
"EC0148","Ag","G","oz"
"EC0150","Ag","C","oz"
"EC0159","Ag","C","oz"
"EC0160","Ag","A","oz"
"EC0166","Ag","B","oz"
"EC0169","Ag","C","oz"
"EC0172","Ag","C","oz"
"EC0173","Ag","A","oz"
"EC0176","Ag","A","oz"
"EC0177","Ag","A","oz"
"EC0178","Ag","A","oz"
"EC0181","Ag","A","oz"
"EC0182","Ag","A","oz"
"EC0185","Ag","A","oz"
"EC0186","Ag","D","oz"
"EC0188","Ag","A","oz"
"EC0189","Ag","A","oz"
"EC0190","Ag","C","oz"
"EC0192","Ag","A","oz"
"EC0193","Ag","A","oz"
"EC0195","Ag","C","oz"
"EC0196","Ag","A","oz"
"EC0199","Ag","A","oz"
"EC0201","Ag","A","oz"
"EC0202","Ag","A","oz"
"EC0203","Ag","C","oz"
"EC0204","Ag","A","oz"
"EC0207","Ag","A","oz"
"EC0209","Ag","E","oz"
"EC0210","Ag","G","oz"
"EC0212","Ag","B","oz"
"EC0218","Ag","E","oz"
"EC0220","Ag","A","oz"
"EC0222","Ag","A","oz"
"EC0224","Ag","F","oz"
"EC0225","Ag","A","oz"
"EC0226","Ag","A","oz"
"EC0227","Ag","C","oz"
"EC0228","Ag","E","oz"
"EC0232","Ag","G","oz"
"EC0233","Ag","C","oz"
"EC0235","Ag","A","oz"
"EC0236","Ag","F","oz"
"EC0237","Ag","E","oz"
"EC0238","Ag","B","oz"
"EC0239","Ag","E","oz"
"EC0243","Ag","A","oz"
"EC0249","Ag","A","oz"

The free trial of MDB ACCDB Viewer exports only half of the records in each table.
